code,date,open,high,low,close,volume,date,adj_factor
161716.SZ,20221014,1.458,1.459,1.458,1.459,180199.72,20221014,1.0
161716.SZ,20221013,1.458,1.459,1.458,1.458,143163.86,20221013,1.0
161716.SZ,20221012,1.458,1.459,1.458,1.459,150517.8,20221012,1.0
161716.SZ,20221011,1.457,1.458,1.457,1.458,153376.08,20221011,1.0
161716.SZ,20221010,1.456,1.457,1.456,1.456,208721.21,20221010,1.0
161716.SZ,20220930,1.454,1.456,1.453,1.456,159900.07,20220930,1.0
161716.SZ,20220929,1.454,1.455,1.453,1.454,228456.55,20220929,1.0
161716.SZ,20220928,1.456,1.456,1.454,1.455,280048.58,20220928,1.0
161716.SZ,20220927,1.458,1.458,1.456,1.457,271059.75,20220927,1.0
161716.SZ,20220926,1.459,1.459,1.457,1.458,261327.0,20220926,1.0
161716.SZ,20220923,1.459,1.46,1.458,1.46,173553.38,20220923,1.0
161716.SZ,20220922,1.458,1.459,1.457,1.459,251004.52,20220922,1.0
161716.SZ,20220921,1.457,1.459,1.456,1.458,344406.16,20220921,1.0
161716.SZ,20220920,1.456,1.457,1.456,1.456,128011.05,20220920,1.0
161716.SZ,20220919,1.457,1.457,1.456,1.456,173304.95,20220919,1.0
161716.SZ,20220916,1.456,1.457,1.456,1.457,192020.17,20220916,1.0
161716.SZ,20220915,1.456,1.457,1.456,1.457,133206.96,20220915,1.0
161716.SZ,20220914,1.458,1.459,1.456,1.457,221112.51,20220914,1.0
161716.SZ,20220913,1.458,1.459,1.458,1.458,138106.78,20220913,1.0
161716.SZ,20220909,1.458,1.459,1.458,1.458,119366.49,20220909,1.0
161716.SZ,20220908,1.459,1.46,1.458,1.459,220567.26,20220908,1.0
161716.SZ,20220907,1.459,1.46,1.458,1.459,181251.88,20220907,1.0
161716.SZ,20220906,1.458,1.459,1.458,1.459,161054.59,20220906,1.0
161716.SZ,20220905,1.458,1.46,1.457,1.459,275512.66,20220905,1.0
161716.SZ,20220902,1.457,1.458,1.457,1.457,165087.96,20220902,1.0
161716.SZ,20220901,1.456,1.457,1.456,1.457,119908.57,20220901,1.0
161716.SZ,20220831,1.457,1.457,1.456,1.456,180282.37,20220831,1.0
161716.SZ,20220830,1.456,1.457,1.455,1.457,217032.21,20220830,1.0
161716.SZ,20220829,1.454,1.455,1.454,1.455,134119.98,20220829,1.0
161716.SZ,20220826,1.455,1.456,1.454,1.455,169214.89,20220826,1.0
161716.SZ,20220825,1.456,1.457,1.456,1.456,153214.09,20220825,1.0
161716.SZ,20220824,1.457,1.457,1.456,1.456,202955.64,20220824,1.0
161716.SZ,20220823,1.457,1.458,1.457,1.458,131191.5,20220823,1.0
161716.SZ,20220822,1.456,1.458,1.456,1.458,237545.93,20220822,1.0
161716.SZ,20220819,1.455,1.456,1.454,1.456,179917.71,20220819,1.0
161716.SZ,20220818,1.453,1.455,1.453,1.454,173830.86,20220818,1.0
161716.SZ,20220817,1.454,1.454,1.453,1.453,171745.26,20220817,1.0
161716.SZ,20220816,1.451,1.454,1.451,1.454,242890.41,20220816,1.0
161716.SZ,20220815,1.448,1.451,1.447,1.451,314850.28,20220815,1.0
161716.SZ,20220812,1.448,1.449,1.447,1.449,169379.7,20220812,1.0
161716.SZ,20220811,1.45,1.451,1.448,1.449,222365.94,20220811,1.0
161716.SZ,20220810,1.451,1.451,1.45,1.451,141792.2,20220810,1.0
161716.SZ,20220809,1.452,1.452,1.451,1.452,107575.87,20220809,1.0
161716.SZ,20220808,1.451,1.453,1.451,1.453,121293.9,20220808,1.0
161716.SZ,20220805,1.451,1.452,1.451,1.451,122531.15,20220805,1.0
161716.SZ,20220804,1.449,1.451,1.449,1.451,152510.12,20220804,1.0
161716.SZ,20220803,1.449,1.45,1.448,1.45,144883.95,20220803,1.0
161716.SZ,20220802,1.449,1.449,1.446,1.449,222850.99,20220802,1.0
161716.SZ,20220801,1.447,1.449,1.447,1.449,211124.03,20220801,1.0
161716.SZ,20220729,1.446,1.447,1.445,1.447,244367.71,20220729,1.0
161716.SZ,20220728,1.448,1.448,1.446,1.447,192950.76,20220728,1.0
161716.SZ,20220727,1.447,1.448,1.446,1.447,238723.35,20220727,1.0
161716.SZ,20220726,1.446,1.448,1.446,1.447,202484.14,20220726,1.0
161716.SZ,20220725,1.445,1.447,1.445,1.446,158489.13,20220725,1.0
161716.SZ,20220722,1.444,1.445,1.444,1.445,110249.71,20220722,1.0
161716.SZ,20220721,1.444,1.445,1.444,1.444,170229.89,20220721,1.0
161716.SZ,20220720,1.443,1.444,1.443,1.444,84365.41,20220720,1.0
161716.SZ,20220719,1.443,1.444,1.442,1.444,150233.02,20220719,1.0
161716.SZ,20220718,1.442,1.443,1.442,1.442,163186.09,20220718,1.0
161716.SZ,20220715,1.441,1.442,1.441,1.442,113695.02,20220715,1.0
161716.SZ,20220714,1.44,1.441,1.44,1.441,93638.39,20220714,1.0
161716.SZ,20220713,1.44,1.442,1.44,1.441,169232.79,20220713,1.0
161716.SZ,20220712,1.438,1.441,1.437,1.441,181375.96,20220712,1.0
161716.SZ,20220711,1.436,1.438,1.435,1.437,220424.05,20220711,1.0
161716.SZ,20220708,1.435,1.436,1.434,1.436,120324.53,20220708,1.0
161716.SZ,20220707,1.434,1.435,1.434,1.434,69440.26,20220707,1.0
161716.SZ,20220706,1.434,1.435,1.433,1.434,123427.43,20220706,1.0
161716.SZ,20220705,1.434,1.435,1.433,1.434,136290.91,20220705,1.0
161716.SZ,20220704,1.434,1.435,1.434,1.434,149297.41,20220704,1.0
161716.SZ,20220701,1.435,1.435,1.434,1.435,102616.14,20220701,1.0
161716.SZ,20220630,1.435,1.435,1.434,1.435,153274.93,20220630,1.0
161716.SZ,20220629,1.435,1.435,1.433,1.434,242154.31,20220629,1.0
161716.SZ,20220628,1.435,1.436,1.435,1.435,156485.34,20220628,1.0
161716.SZ,20220627,1.435,1.436,1.435,1.435,175542.31,20220627,1.0
161716.SZ,20220624,1.436,1.436,1.435,1.436,124234.73,20220624,1.0
161716.SZ,20220623,1.435,1.436,1.434,1.436,105254.4,20220623,1.0
161716.SZ,20220622,1.435,1.436,1.434,1.435,149223.94,20220622,1.0
161716.SZ,20220621,1.435,1.435,1.434,1.435,137247.6,20220621,1.0
161716.SZ,20220620,1.434,1.435,1.434,1.434,212400.54,20220620,1.0
161716.SZ,20220617,1.434,1.435,1.433,1.434,139983.0,20220617,1.0
161716.SZ,20220616,1.434,1.434,1.433,1.434,145255.11,20220616,1.0
161716.SZ,20220615,1.434,1.434,1.433,1.434,171705.47,20220615,1.0
161716.SZ,20220614,1.433,1.434,1.433,1.434,109655.72,20220614,1.0
161716.SZ,20220613,1.434,1.434,1.433,1.433,99421.97,20220613,1.0
161716.SZ,20220610,1.434,1.434,1.433,1.434,213240.1,20220610,1.0
161716.SZ,20220609,1.432,1.434,1.432,1.434,141336.72,20220609,1.0
161716.SZ,20220608,1.432,1.432,1.431,1.432,136207.25,20220608,1.0
161716.SZ,20220607,1.432,1.433,1.431,1.433,188249.82,20220607,1.0
161716.SZ,20220606,1.433,1.434,1.432,1.433,347386.78,20220606,1.0
161716.SZ,20220602,1.434,1.434,1.432,1.433,344040.57,20220602,1.0
161716.SZ,20220601,1.437,1.437,1.435,1.436,207226.21,20220601,1.0
161716.SZ,20220531,1.439,1.439,1.437,1.438,231021.96,20220531,1.0
161716.SZ,20220530,1.439,1.44,1.438,1.439,171177.02,20220530,1.0
161716.SZ,20220527,1.439,1.44,1.439,1.439,152977.66,20220527,1.0
161716.SZ,20220526,1.438,1.439,1.438,1.439,132250.67,20220526,1.0
161716.SZ,20220525,1.438,1.439,1.437,1.439,206530.4,20220525,1.0
161716.SZ,20220524,1.438,1.438,1.437,1.437,150551.3,20220524,1.0
161716.SZ,20220523,1.436,1.438,1.436,1.438,209451.55,20220523,1.0
161716.SZ,20220520,1.437,1.439,1.437,1.438,162798.77,20220520,1.0
161716.SZ,20220519,1.436,1.438,1.436,1.437,187653.42,20220519,1.0
161716.SZ,20220518,1.435,1.437,1.435,1.436,157310.47,20220518,1.0
161716.SZ,20220517,1.435,1.436,1.434,1.435,94019.83,20220517,1.0
161716.SZ,20220516,1.433,1.435,1.433,1.435,168434.63,20220516,1.0
161716.SZ,20220513,1.433,1.434,1.433,1.434,97821.56,20220513,1.0
161716.SZ,20220512,1.433,1.433,1.432,1.433,80885.31,20220512,1.0
161716.SZ,20220511,1.433,1.434,1.432,1.433,112653.94,20220511,1.0
161716.SZ,20220510,1.432,1.433,1.431,1.432,108938.24,20220510,1.0
161716.SZ,20220509,1.429,1.432,1.429,1.431,127822.13,20220509,1.0
161716.SZ,20220506,1.429,1.429,1.428,1.429,71911.28,20220506,1.0
161716.SZ,20220505,1.428,1.429,1.427,1.429,66399.45,20220505,1.0
161716.SZ,20220429,1.426,1.428,1.425,1.427,162575.5,20220429,1.0
161716.SZ,20220428,1.425,1.426,1.425,1.426,93949.2,20220428,1.0
161716.SZ,20220427,1.426,1.427,1.425,1.426,107893.09,20220427,1.0
161716.SZ,20220426,1.426,1.427,1.425,1.426,126540.51,20220426,1.0
161716.SZ,20220425,1.426,1.427,1.425,1.425,155978.55,20220425,1.0
161716.SZ,20220422,1.426,1.427,1.426,1.426,71189.87,20220422,1.0
161716.SZ,20220421,1.426,1.426,1.425,1.426,88938.59,20220421,1.0
161716.SZ,20220420,1.426,1.427,1.426,1.426,93129.25,20220420,1.0
161716.SZ,20220419,1.427,1.428,1.426,1.427,108199.62,20220419,1.0
161716.SZ,20220418,1.428,1.428,1.427,1.428,144555.26,20220418,1.0
161716.SZ,20220415,1.426,1.43,1.426,1.428,178000.89,20220415,1.0
161716.SZ,20220414,1.425,1.426,1.424,1.426,90715.59,20220414,1.0
161716.SZ,20220413,1.424,1.425,1.423,1.425,107694.29,20220413,1.0
161716.SZ,20220412,1.422,1.424,1.422,1.424,203357.76,20220412,1.0
161716.SZ,20220411,1.422,1.423,1.422,1.422,129481.93,20220411,1.0
161716.SZ,20220408,1.421,1.422,1.42,1.422,160708.65,20220408,1.0
161716.SZ,20220407,1.42,1.42,1.419,1.42,122869.51,20220407,1.0
161716.SZ,20220406,1.418,1.42,1.418,1.419,133764.2,20220406,1.0
161716.SZ,20220401,1.417,1.418,1.417,1.418,107614.02,20220401,1.0
161716.SZ,20220331,1.417,1.418,1.416,1.417,127733.72,20220331,1.0
161716.SZ,20220330,1.416,1.417,1.416,1.417,90097.59,20220330,1.0
161716.SZ,20220329,1.416,1.417,1.415,1.417,89555.04,20220329,1.0
161716.SZ,20220328,1.416,1.417,1.415,1.416,132394.85,20220328,1.0
161716.SZ,20220325,1.415,1.416,1.414,1.415,67006.73,20220325,1.0
161716.SZ,20220324,1.416,1.417,1.414,1.415,249317.0,20220324,1.0
161716.SZ,20220323,1.415,1.417,1.415,1.417,137040.1,20220323,1.0
161716.SZ,20220322,1.416,1.416,1.415,1.415,83947.51,20220322,1.0
161716.SZ,20220321,1.416,1.416,1.415,1.416,82572.17,20220321,1.0
161716.SZ,20220318,1.415,1.416,1.414,1.415,194961.56,20220318,1.0
161716.SZ,20220317,1.416,1.416,1.413,1.416,186993.84,20220317,1.0
161716.SZ,20220316,1.415,1.417,1.415,1.417,105714.37,20220316,1.0
161716.SZ,20220315,1.416,1.421,1.415,1.416,557871.88,20220315,1.0
161716.SZ,20220314,1.414,1.416,1.414,1.416,152483.87,20220314,1.0
161716.SZ,20220311,1.414,1.415,1.413,1.415,115142.7,20220311,1.0
161716.SZ,20220310,1.413,1.416,1.412,1.414,214763.42,20220310,1.0
161716.SZ,20220309,1.415,1.416,1.412,1.414,175013.45,20220309,1.0
161716.SZ,20220308,1.415,1.416,1.414,1.415,140036.35,20220308,1.0
161716.SZ,20220307,1.415,1.416,1.412,1.415,260499.27,20220307,1.0
161716.SZ,20220304,1.416,1.417,1.414,1.416,183564.29,20220304,1.0
161716.SZ,20220303,1.417,1.418,1.416,1.417,159349.38,20220303,1.0
161716.SZ,20220302,1.418,1.418,1.417,1.417,97356.59,20220302,1.0
161716.SZ,20220301,1.419,1.42,1.418,1.419,119246.41,20220301,1.0
161716.SZ,20220228,1.419,1.42,1.418,1.419,169938.04,20220228,1.0
161716.SZ,20220225,1.417,1.42,1.417,1.419,153611.32,20220225,1.0
161716.SZ,20220224,1.418,1.419,1.417,1.417,156082.72,20220224,1.0
161716.SZ,20220223,1.419,1.419,1.417,1.418,169057.1,20220223,1.0
161716.SZ,20220222,1.42,1.42,1.419,1.419,129006.41,20220222,1.0
161716.SZ,20220221,1.421,1.421,1.42,1.42,167894.41,20220221,1.0
161716.SZ,20220218,1.42,1.421,1.419,1.421,91167.18,20220218,1.0
161716.SZ,20220217,1.419,1.42,1.419,1.419,68946.8,20220217,1.0
161716.SZ,20220216,1.418,1.42,1.418,1.419,95685.11,20220216,1.0
161716.SZ,20220215,1.419,1.42,1.417,1.418,217972.03,20220215,1.0
161716.SZ,20220214,1.42,1.421,1.419,1.419,261356.24,20220214,1.0
161716.SZ,20220211,1.424,1.424,1.422,1.423,312806.38,20220211,1.0
161716.SZ,20220210,1.424,1.424,1.423,1.424,200809.8,20220210,1.0
161716.SZ,20220209,1.424,1.425,1.424,1.424,270795.99,20220209,1.0
161716.SZ,20220208,1.424,1.425,1.424,1.424,192168.6,20220208,1.0
161716.SZ,20220207,1.423,1.425,1.423,1.424,230375.92,20220207,1.0
161716.SZ,20220128,1.421,1.423,1.421,1.423,259795.94,20220128,1.0
161716.SZ,20220127,1.422,1.422,1.419,1.42,261935.41,20220127,1.0
161716.SZ,20220126,1.422,1.423,1.422,1.422,173250.77,20220126,1.0
161716.SZ,20220125,1.423,1.423,1.422,1.423,203849.41,20220125,1.0
161716.SZ,20220124,1.421,1.422,1.421,1.422,200547.03,20220124,1.0
161716.SZ,20220121,1.421,1.422,1.421,1.422,128101.8,20220121,1.0
161716.SZ,20220120,1.421,1.422,1.42,1.421,223844.71,20220120,1.0
161716.SZ,20220119,1.419,1.42,1.418,1.42,111998.94,20220119,1.0
161716.SZ,20220118,1.417,1.419,1.417,1.418,284398.45,20220118,1.0
161716.SZ,20220117,1.416,1.417,1.416,1.417,134163.5,20220117,1.0
161716.SZ,20220114,1.417,1.417,1.416,1.416,116866.15,20220114,1.0
161716.SZ,20220113,1.418,1.418,1.416,1.417,154775.69,20220113,1.0
161716.SZ,20220112,1.418,1.419,1.417,1.419,141286.1,20220112,1.0
161716.SZ,20220111,1.417,1.419,1.417,1.418,114355.46,20220111,1.0
161716.SZ,20220110,1.417,1.419,1.417,1.418,101619.77,20220110,1.0
161716.SZ,20220107,1.416,1.419,1.416,1.419,136949.84,20220107,1.0
161716.SZ,20220106,1.416,1.417,1.415,1.417,76206.85,20220106,1.0
161716.SZ,20220105,1.414,1.416,1.413,1.416,120662.62,20220105,1.0
161716.SZ,20220104,1.412,1.414,1.412,1.414,109473.71,20220104,1.0
161716.SZ,20211231,1.412,1.413,1.412,1.412,87948.88,20211231,1.0
161716.SZ,20211230,1.412,1.413,1.411,1.412,128437.99,20211230,1.0
161716.SZ,20211229,1.411,1.412,1.411,1.411,104941.15,20211229,1.0
161716.SZ,20211228,1.411,1.412,1.41,1.412,108784.85,20211228,1.0
161716.SZ,20211227,1.409,1.411,1.409,1.411,167763.33,20211227,1.0
161716.SZ,20211224,1.409,1.41,1.408,1.41,99127.12,20211224,1.0
161716.SZ,20211223,1.408,1.409,1.407,1.408,112316.94,20211223,1.0
161716.SZ,20211222,1.407,1.409,1.407,1.408,178932.49,20211222,1.0
161716.SZ,20211221,1.409,1.409,1.407,1.408,117558.28,20211221,1.0
161716.SZ,20211220,1.409,1.41,1.408,1.409,105735.87,20211220,1.0
161716.SZ,20211217,1.409,1.41,1.409,1.41,67237.87,20211217,1.0
161716.SZ,20211216,1.409,1.41,1.408,1.409,86524.53,20211216,1.0
161716.SZ,20211215,1.408,1.41,1.408,1.41,124487.87,20211215,1.0
161716.SZ,20211214,1.408,1.409,1.407,1.408,107344.77,20211214,1.0
161716.SZ,20211213,1.408,1.409,1.407,1.408,78322.76,20211213,1.0
161716.SZ,20211210,1.408,1.409,1.407,1.408,80672.18,20211210,1.0
161716.SZ,20211209,1.408,1.408,1.407,1.408,120313.56,20211209,1.0
161716.SZ,20211208,1.408,1.409,1.408,1.409,106696.56,20211208,1.0
161716.SZ,20211207,1.408,1.409,1.408,1.408,119738.02,20211207,1.0
161716.SZ,20211206,1.407,1.409,1.407,1.409,129042.25,20211206,1.0
161716.SZ,20211203,1.406,1.408,1.406,1.407,72695.6,20211203,1.0
161716.SZ,20211202,1.408,1.408,1.406,1.407,123033.0,20211202,1.0
161716.SZ,20211201,1.405,1.41,1.405,1.408,140650.79,20211201,1.0
161716.SZ,20211130,1.405,1.406,1.404,1.406,79625.09,20211130,1.0
161716.SZ,20211129,1.405,1.406,1.404,1.405,160045.22,20211129,1.0
161716.SZ,20211126,1.405,1.405,1.404,1.405,48839.85,20211126,1.0
161716.SZ,20211125,1.403,1.405,1.403,1.405,113555.14,20211125,1.0
161716.SZ,20211124,1.402,1.404,1.402,1.404,133244.45,20211124,1.0
161716.SZ,20211123,1.401,1.402,1.401,1.401,69735.74,20211123,1.0
161716.SZ,20211122,1.402,1.402,1.401,1.401,122641.83,20211122,1.0
161716.SZ,20211119,1.401,1.401,1.4,1.401,84894.18,20211119,1.0
161716.SZ,20211118,1.4,1.401,1.4,1.401,75943.0,20211118,1.0
161716.SZ,20211117,1.4,1.401,1.399,1.4,148915.0,20211117,1.0
161716.SZ,20211116,1.399,1.401,1.399,1.4,100078.18,20211116,1.0
161716.SZ,20211115,1.399,1.399,1.398,1.399,105326.52,20211115,1.0
161716.SZ,20211112,1.399,1.399,1.398,1.399,41868.55,20211112,1.0
161716.SZ,20211111,1.4,1.4,1.398,1.398,77626.46,20211111,1.0
161716.SZ,20211110,1.4,1.4,1.398,1.399,74965.28,20211110,1.0
161716.SZ,20211109,1.402,1.402,1.4,1.4,112061.0,20211109,1.0
161716.SZ,20211108,1.401,1.403,1.401,1.403,80728.16,20211108,1.0
161716.SZ,20211105,1.399,1.4,1.398,1.4,65750.38,20211105,1.0
161716.SZ,20211104,1.399,1.4,1.398,1.399,74800.67,20211104,1.0
161716.SZ,20211103,1.398,1.4,1.398,1.399,76819.55,20211103,1.0
161716.SZ,20211102,1.397,1.398,1.397,1.398,62630.9,20211102,1.0
161716.SZ,20211101,1.395,1.398,1.395,1.397,103493.18,20211101,1.0
161716.SZ,20211029,1.395,1.395,1.394,1.395,58877.68,20211029,1.0
161716.SZ,20211028,1.392,1.394,1.392,1.394,82425.91,20211028,1.0
161716.SZ,20211027,1.391,1.392,1.39,1.392,78060.54,20211027,1.0
161716.SZ,20211026,1.39,1.392,1.39,1.391,94666.82,20211026,1.0
161716.SZ,20211025,1.389,1.39,1.389,1.39,70950.55,20211025,1.0
161716.SZ,20211022,1.389,1.39,1.388,1.389,39344.4,20211022,1.0
161716.SZ,20211021,1.387,1.388,1.387,1.388,35946.58,20211021,1.0
161716.SZ,20211020,1.386,1.387,1.386,1.387,23896.06,20211020,1.0
161716.SZ,20211019,1.387,1.387,1.386,1.387,45787.46,20211019,1.0
161716.SZ,20211018,1.387,1.388,1.386,1.388,92920.42,20211018,1.0
161716.SZ,20211015,1.385,1.386,1.385,1.386,55070.68,20211015,1.0
161716.SZ,20211014,1.386,1.386,1.385,1.385,47000.0,20211014,1.0
161716.SZ,20211013,1.385,1.386,1.385,1.386,38917.0,20211013,1.0
161716.SZ,20211012,1.387,1.387,1.385,1.385,63533.5,20211012,1.0
161716.SZ,20211011,1.387,1.388,1.386,1.387,67339.36,20211011,1.0
161716.SZ,20211008,1.388,1.388,1.386,1.387,75139.0,20211008,1.0
161716.SZ,20210930,1.386,1.388,1.386,1.387,87054.15,20210930,1.0
161716.SZ,20210929,1.386,1.386,1.384,1.386,159503.39,20210929,1.0
161716.SZ,20210928,1.387,1.387,1.385,1.386,69097.4,20210928,1.0
161716.SZ,20210927,1.389,1.389,1.387,1.387,116191.89,20210927,1.0
161716.SZ,20210924,1.389,1.389,1.388,1.389,62586.6,20210924,1.0
161716.SZ,20210923,1.389,1.39,1.388,1.389,59958.76,20210923,1.0
161716.SZ,20210922,1.389,1.389,1.387,1.389,118618.69,20210922,1.0
161716.SZ,20210917,1.389,1.39,1.389,1.39,61228.17,20210917,1.0
161716.SZ,20210916,1.389,1.39,1.389,1.39,59205.36,20210916,1.0
161716.SZ,20210915,1.39,1.39,1.389,1.39,46983.79,20210915,1.0
161716.SZ,20210914,1.39,1.391,1.389,1.39,100521.52,20210914,1.0
161716.SZ,20210913,1.391,1.391,1.389,1.391,51827.6,20210913,1.0
161716.SZ,20210910,1.389,1.391,1.389,1.391,202602.82,20210910,1.0
161716.SZ,20210909,1.39,1.39,1.389,1.39,39217.46,20210909,1.0
161716.SZ,20210908,1.39,1.39,1.389,1.39,92932.99,20210908,1.0
161716.SZ,20210907,1.39,1.391,1.389,1.391,84120.36,20210907,1.0
161716.SZ,20210906,1.391,1.391,1.39,1.39,60533.61,20210906,1.0
161716.SZ,20210903,1.391,1.391,1.39,1.391,62759.5,20210903,1.0
161716.SZ,20210902,1.39,1.391,1.39,1.391,77967.97,20210902,1.0
161716.SZ,20210901,1.388,1.39,1.388,1.39,169432.44,20210901,1.0
161716.SZ,20210831,1.39,1.39,1.387,1.388,165248.29,20210831,1.0
161716.SZ,20210830,1.39,1.391,1.389,1.39,110221.09,20210830,1.0
161716.SZ,20210827,1.392,1.393,1.39,1.39,315175.45,20210827,1.0
161716.SZ,20210826,1.393,1.393,1.392,1.392,92283.34,20210826,1.0
161716.SZ,20210825,1.393,1.393,1.392,1.393,83583.52,20210825,1.0
161716.SZ,20210824,1.392,1.393,1.392,1.393,124643.72,20210824,1.0
161716.SZ,20210823,1.393,1.393,1.392,1.393,121573.53,20210823,1.0
161716.SZ,20210820,1.392,1.393,1.391,1.393,113038.75,20210820,1.0
161716.SZ,20210819,1.391,1.392,1.391,1.392,92743.11,20210819,1.0
161716.SZ,20210818,1.391,1.392,1.39,1.391,186907.0,20210818,1.0
161716.SZ,20210817,1.391,1.391,1.389,1.391,145413.51,20210817,1.0
161716.SZ,20210816,1.39,1.391,1.39,1.391,96380.89,20210816,1.0
161716.SZ,20210813,1.39,1.391,1.389,1.39,129441.76,20210813,1.0
161716.SZ,20210812,1.39,1.391,1.389,1.39,116992.48,20210812,1.0
161716.SZ,20210811,1.39,1.391,1.39,1.39,119175.81,20210811,1.0
161716.SZ,20210810,1.391,1.392,1.39,1.391,133265.18,20210810,1.0
161716.SZ,20210809,1.391,1.392,1.39,1.391,157451.1,20210809,1.0
161716.SZ,20210806,1.391,1.392,1.391,1.392,108765.36,20210806,1.0
161716.SZ,20210805,1.39,1.391,1.39,1.391,120880.82,20210805,1.0
161716.SZ,20210804,1.39,1.391,1.389,1.391,173671.53,20210804,1.0
161716.SZ,20210803,1.388,1.389,1.388,1.389,73961.36,20210803,1.0
161716.SZ,20210802,1.388,1.389,1.387,1.388,239095.45,20210802,1.0
161716.SZ,20210730,1.386,1.387,1.386,1.387,123098.65,20210730,1.0
161716.SZ,20210729,1.388,1.389,1.386,1.387,210799.21,20210729,1.0
161716.SZ,20210728,1.388,1.39,1.388,1.389,188290.69,20210728,1.0
161716.SZ,20210727,1.387,1.389,1.387,1.389,153038.73,20210727,1.0
161716.SZ,20210726,1.386,1.388,1.386,1.387,150229.06,20210726,1.0
161716.SZ,20210723,1.385,1.386,1.384,1.385,105841.66,20210723,1.0
161716.SZ,20210722,1.384,1.385,1.383,1.385,89910.36,20210722,1.0
161716.SZ,20210721,1.383,1.384,1.383,1.384,94912.05,20210721,1.0
161716.SZ,20210720,1.382,1.384,1.382,1.383,96519.88,20210720,1.0
161716.SZ,20210719,1.382,1.383,1.381,1.382,84621.56,20210719,1.0
161716.SZ,20210716,1.381,1.382,1.381,1.382,64760.88,20210716,1.0
161716.SZ,20210715,1.381,1.382,1.38,1.381,68949.74,20210715,1.0
161716.SZ,20210714,1.379,1.381,1.379,1.381,74562.86,20210714,1.0
161716.SZ,20210713,1.379,1.38,1.378,1.379,48015.32,20210713,1.0
161716.SZ,20210712,1.377,1.379,1.377,1.378,80421.33,20210712,1.0
161716.SZ,20210709,1.377,1.379,1.376,1.378,89708.77,20210709,1.0
161716.SZ,20210708,1.374,1.376,1.374,1.376,63382.55,20210708,1.0
161716.SZ,20210707,1.373,1.374,1.372,1.374,67662.0,20210707,1.0
161716.SZ,20210706,1.371,1.372,1.371,1.372,62322.48,20210706,1.0
161716.SZ,20210705,1.37,1.371,1.369,1.371,36528.52,20210705,1.0
161716.SZ,20210702,1.368,1.371,1.368,1.371,128916.37,20210702,1.0
161716.SZ,20210701,1.367,1.368,1.366,1.367,89688.24,20210701,1.0
161716.SZ,20210630,1.367,1.367,1.366,1.367,24033.15,20210630,1.0
161716.SZ,20210629,1.366,1.367,1.365,1.367,54368.72,20210629,1.0
161716.SZ,20210628,1.366,1.366,1.365,1.366,65428.87,20210628,1.0
161716.SZ,20210625,1.366,1.367,1.365,1.366,69600.96,20210625,1.0
161716.SZ,20210624,1.366,1.367,1.365,1.366,44877.68,20210624,1.0
161716.SZ,20210623,1.366,1.367,1.366,1.367,26329.44,20210623,1.0
161716.SZ,20210622,1.366,1.367,1.365,1.367,43933.25,20210622,1.0
161716.SZ,20210621,1.365,1.366,1.365,1.366,81268.14,20210621,1.0
161716.SZ,20210618,1.366,1.366,1.365,1.365,43432.93,20210618,1.0
161716.SZ,20210617,1.366,1.366,1.365,1.366,66250.99,20210617,1.0
161716.SZ,20210616,1.366,1.367,1.366,1.367,70230.71,20210616,1.0
161716.SZ,20210615,1.366,1.368,1.366,1.366,51216.48,20210615,1.0
161716.SZ,20210611,1.366,1.367,1.365,1.366,74304.08,20210611,1.0
161716.SZ,20210610,1.366,1.367,1.366,1.366,57394.48,20210610,1.0
161716.SZ,20210609,1.367,1.367,1.366,1.366,38842.56,20210609,1.0
161716.SZ,20210608,1.367,1.368,1.367,1.368,45318.79,20210608,1.0
161716.SZ,20210607,1.367,1.368,1.367,1.367,84675.62,20210607,1.0
161716.SZ,20210604,1.367,1.368,1.366,1.368,92499.68,20210604,1.0
161716.SZ,20210603,1.367,1.367,1.365,1.367,101798.45,20210603,1.0
161716.SZ,20210602,1.366,1.367,1.366,1.367,55198.66,20210602,1.0
161716.SZ,20210601,1.366,1.367,1.365,1.366,56715.16,20210601,1.0
161716.SZ,20210531,1.366,1.367,1.365,1.366,80561.71,20210531,1.0
161716.SZ,20210528,1.365,1.366,1.365,1.365,52420.48,20210528,1.0
161716.SZ,20210527,1.365,1.366,1.365,1.365,42334.9,20210527,1.0
161716.SZ,20210526,1.365,1.366,1.363,1.366,68059.96,20210526,1.0
161716.SZ,20210525,1.364,1.365,1.363,1.364,82092.78,20210525,1.0
161716.SZ,20210524,1.363,1.364,1.362,1.364,50817.63,20210524,1.0
161716.SZ,20210521,1.361,1.363,1.361,1.363,68406.02,20210521,1.0
161716.SZ,20210520,1.36,1.361,1.36,1.361,75807.69,20210520,1.0
161716.SZ,20210519,1.36,1.36,1.359,1.36,65400.55,20210519,1.0
161716.SZ,20210518,1.36,1.36,1.358,1.36,69214.86,20210518,1.0
161716.SZ,20210517,1.359,1.36,1.357,1.359,64761.51,20210517,1.0
161716.SZ,20210514,1.359,1.36,1.359,1.359,46560.15,20210514,1.0
161716.SZ,20210513,1.36,1.361,1.358,1.359,102969.41,20210513,1.0
161716.SZ,20210512,1.359,1.36,1.359,1.359,86556.49,20210512,1.0
161716.SZ,20210511,1.357,1.359,1.357,1.359,46632.53,20210511,1.0
161716.SZ,20210510,1.356,1.358,1.356,1.357,46387.76,20210510,1.0
161716.SZ,20210507,1.356,1.357,1.356,1.357,51784.84,20210507,1.0
161716.SZ,20210506,1.355,1.357,1.354,1.357,99238.24,20210506,1.0
161716.SZ,20210430,1.353,1.356,1.352,1.355,149128.21,20210430,1.0
161716.SZ,20210429,1.353,1.354,1.352,1.353,76451.39,20210429,1.0
161716.SZ,20210428,1.354,1.355,1.352,1.353,95038.0,20210428,1.0
161716.SZ,20210427,1.355,1.355,1.354,1.355,51879.86,20210427,1.0
161716.SZ,20210426,1.355,1.355,1.354,1.355,99798.11,20210426,1.0
161716.SZ,20210423,1.355,1.356,1.355,1.356,79350.43,20210423,1.0
161716.SZ,20210422,1.355,1.356,1.354,1.355,74776.79,20210422,1.0
161716.SZ,20210421,1.354,1.356,1.354,1.355,78095.42,20210421,1.0
161716.SZ,20210420,1.354,1.355,1.353,1.354,50171.8,20210420,1.0
161716.SZ,20210419,1.354,1.355,1.353,1.354,113150.67,20210419,1.0
161716.SZ,20210416,1.353,1.353,1.352,1.353,57603.51,20210416,1.0
161716.SZ,20210415,1.352,1.353,1.352,1.352,67763.45,20210415,1.0
161716.SZ,20210414,1.351,1.352,1.351,1.352,57053.3,20210414,1.0
161716.SZ,20210413,1.35,1.352,1.35,1.351,138217.39,20210413,1.0
161716.SZ,20210412,1.35,1.351,1.349,1.35,66477.33,20210412,1.0
161716.SZ,20210409,1.349,1.35,1.349,1.35,52915.28,20210409,1.0
161716.SZ,20210408,1.349,1.35,1.349,1.35,50451.2,20210408,1.0
161716.SZ,20210407,1.348,1.35,1.348,1.35,60515.31,20210407,1.0
161716.SZ,20210406,1.347,1.349,1.347,1.348,47389.9,20210406,1.0
161716.SZ,20210402,1.347,1.348,1.346,1.348,35518.67,20210402,1.0
161716.SZ,20210401,1.346,1.348,1.346,1.347,56800.19,20210401,1.0
161716.SZ,20210331,1.346,1.347,1.345,1.347,42180.88,20210331,1.0
161716.SZ,20210330,1.347,1.347,1.345,1.346,82142.51,20210330,1.0
161716.SZ,20210329,1.347,1.347,1.346,1.346,35328.02,20210329,1.0
161716.SZ,20210326,1.347,1.348,1.346,1.347,54305.44,20210326,1.0
161716.SZ,20210325,1.346,1.347,1.346,1.346,70491.74,20210325,1.0
161716.SZ,20210324,1.347,1.347,1.346,1.346,40226.7,20210324,1.0
161716.SZ,20210323,1.346,1.347,1.345,1.347,54851.67,20210323,1.0
161716.SZ,20210322,1.345,1.347,1.345,1.347,57041.26,20210322,1.0
161716.SZ,20210319,1.344,1.346,1.344,1.345,91498.79,20210319,1.0
161716.SZ,20210318,1.344,1.345,1.344,1.344,38785.63,20210318,1.0
161716.SZ,20210317,1.343,1.344,1.343,1.344,35664.78,20210317,1.0
161716.SZ,20210316,1.343,1.344,1.343,1.344,33768.58,20210316,1.0
161716.SZ,20210315,1.342,1.343,1.341,1.343,36231.39,20210315,1.0
161716.SZ,20210312,1.341,1.342,1.341,1.342,24905.02,20210312,1.0
161716.SZ,20210311,1.342,1.343,1.341,1.341,23759.0,20210311,1.0
161716.SZ,20210310,1.343,1.343,1.341,1.342,60435.8,20210310,1.0
161716.SZ,20210309,1.341,1.343,1.341,1.343,52948.59,20210309,1.0
161716.SZ,20210308,1.341,1.342,1.341,1.342,53457.1,20210308,1.0
161716.SZ,20210305,1.341,1.342,1.34,1.341,40939.25,20210305,1.0
161716.SZ,20210304,1.34,1.341,1.34,1.341,36508.76,20210304,1.0
161716.SZ,20210303,1.339,1.34,1.339,1.34,44697.15,20210303,1.0
161716.SZ,20210302,1.338,1.34,1.338,1.339,44145.55,20210302,1.0
161716.SZ,20210301,1.337,1.338,1.336,1.338,32850.56,20210301,1.0
161716.SZ,20210226,1.337,1.337,1.336,1.336,29660.21,20210226,1.0
161716.SZ,20210225,1.336,1.337,1.335,1.336,22439.12,20210225,1.0
161716.SZ,20210224,1.334,1.336,1.334,1.335,61499.68,20210224,1.0
161716.SZ,20210223,1.334,1.335,1.333,1.334,61801.21,20210223,1.0
161716.SZ,20210222,1.334,1.334,1.333,1.334,17882.63,20210222,1.0
161716.SZ,20210219,1.333,1.334,1.333,1.334,46691.16,20210219,1.0
161716.SZ,20210218,1.333,1.334,1.333,1.333,33029.59,20210218,1.0
161716.SZ,20210210,1.332,1.334,1.332,1.334,39997.24,20210210,1.0
161716.SZ,20210209,1.332,1.332,1.33,1.331,17780.63,20210209,1.0
161716.SZ,20210208,1.332,1.332,1.33,1.332,21041.14,20210208,1.0
161716.SZ,20210205,1.332,1.333,1.331,1.332,24532.53,20210205,1.0
161716.SZ,20210204,1.333,1.333,1.332,1.333,22428.25,20210204,1.0
161716.SZ,20210203,1.332,1.333,1.332,1.333,38583.43,20210203,1.0
161716.SZ,20210202,1.331,1.332,1.33,1.331,32308.05,20210202,1.0
161716.SZ,20210201,1.329,1.331,1.329,1.331,24815.39,20210201,1.0
161716.SZ,20210129,1.329,1.329,1.327,1.329,68159.64,20210129,1.0
161716.SZ,20210128,1.333,1.333,1.328,1.33,99727.67,20210128,1.0
161716.SZ,20210127,1.333,1.334,1.332,1.333,38487.42,20210127,1.0
161716.SZ,20210126,1.334,1.335,1.333,1.333,32878.0,20210126,1.0
161716.SZ,20210125,1.335,1.335,1.334,1.335,44851.51,20210125,1.0
161716.SZ,20210122,1.335,1.336,1.334,1.335,40995.02,20210122,1.0
161716.SZ,20210121,1.334,1.335,1.334,1.335,21027.02,20210121,1.0
161716.SZ,20210120,1.333,1.335,1.333,1.335,36990.38,20210120,1.0
161716.SZ,20210119,1.335,1.335,1.333,1.333,50475.28,20210119,1.0
161716.SZ,20210118,1.336,1.337,1.334,1.335,63357.89,20210118,1.0
161716.SZ,20210115,1.336,1.337,1.336,1.337,50203.06,20210115,1.0
161716.SZ,20210114,1.336,1.336,1.335,1.336,32186.99,20210114,1.0
161716.SZ,20210113,1.334,1.336,1.334,1.335,41403.56,20210113,1.0
161716.SZ,20210112,1.332,1.335,1.332,1.334,34756.64,20210112,1.0
161716.SZ,20210111,1.331,1.332,1.33,1.332,45878.19,20210111,1.0
161716.SZ,20210108,1.33,1.33,1.328,1.33,44953.97,20210108,1.0
161716.SZ,20210107,1.328,1.329,1.327,1.328,38304.16,20210107,1.0
161716.SZ,20210106,1.327,1.328,1.326,1.327,44562.19,20210106,1.0
161716.SZ,20210105,1.327,1.328,1.326,1.327,39327.16,20210105,1.0
161716.SZ,20210104,1.326,1.327,1.325,1.326,51199.59,20210104,1.0
161716.SZ,20201231,1.325,1.326,1.324,1.326,44882.76,20201231,1.0
161716.SZ,20201230,1.325,1.325,1.324,1.325,26906.92,20201230,1.0
161716.SZ,20201229,1.324,1.325,1.324,1.325,32135.11,20201229,1.0
161716.SZ,20201228,1.323,1.324,1.323,1.324,22703.72,20201228,1.0
161716.SZ,20201225,1.322,1.323,1.322,1.322,33874.21,20201225,1.0
161716.SZ,20201224,1.323,1.324,1.322,1.323,34358.64,20201224,1.0
161716.SZ,20201223,1.323,1.324,1.322,1.323,26162.87,20201223,1.0
161716.SZ,20201222,1.322,1.323,1.321,1.322,34103.92,20201222,1.0
161716.SZ,20201221,1.321,1.322,1.32,1.321,37363.38,20201221,1.0
161716.SZ,20201218,1.319,1.32,1.319,1.32,13926.84,20201218,1.0
161716.SZ,20201217,1.32,1.32,1.319,1.319,18606.13,20201217,1.0
161716.SZ,20201216,1.32,1.321,1.318,1.32,47724.9,20201216,1.0
161716.SZ,20201215,1.32,1.32,1.318,1.319,37907.56,20201215,1.0
161716.SZ,20201214,1.32,1.32,1.319,1.319,20648.24,20201214,1.0
161716.SZ,20201211,1.32,1.321,1.32,1.32,56040.18,20201211,1.0
161716.SZ,20201210,1.319,1.32,1.319,1.319,12715.74,20201210,1.0
161716.SZ,20201209,1.319,1.32,1.318,1.319,22492.71,20201209,1.0
161716.SZ,20201208,1.319,1.32,1.318,1.318,17031.37,20201208,1.0
161716.SZ,20201207,1.319,1.319,1.318,1.318,12782.5,20201207,1.0
161716.SZ,20201204,1.318,1.319,1.318,1.318,19864.75,20201204,1.0
161716.SZ,20201203,1.319,1.319,1.318,1.318,13023.2,20201203,1.0
161716.SZ,20201202,1.318,1.32,1.318,1.319,19841.0,20201202,1.0
161716.SZ,20201201,1.318,1.318,1.317,1.318,23652.31,20201201,1.0
161716.SZ,20201130,1.316,1.318,1.316,1.317,28088.72,20201130,1.0
161716.SZ,20201127,1.315,1.316,1.315,1.316,8732.42,20201127,1.0
161716.SZ,20201126,1.316,1.317,1.315,1.316,14397.23,20201126,1.0
161716.SZ,20201125,1.315,1.317,1.314,1.317,27064.3,20201125,1.0
161716.SZ,20201124,1.315,1.316,1.314,1.315,27797.72,20201124,1.0
161716.SZ,20201123,1.315,1.315,1.314,1.315,31417.19,20201123,1.0
161716.SZ,20201120,1.317,1.317,1.315,1.316,32209.93,20201120,1.0
161716.SZ,20201119,1.318,1.319,1.317,1.318,34429.77,20201119,1.0
161716.SZ,20201118,1.319,1.32,1.319,1.319,22028.29,20201118,1.0
161716.SZ,20201117,1.319,1.32,1.318,1.32,40431.75,20201117,1.0
161716.SZ,20201116,1.32,1.32,1.318,1.318,85344.0,20201116,1.0
161716.SZ,20201113,1.324,1.324,1.321,1.322,145550.72,20201113,1.0
161716.SZ,20201112,1.326,1.327,1.325,1.327,17236.52,20201112,1.0
161716.SZ,20201111,1.326,1.327,1.325,1.326,23146.27,20201111,1.0
161716.SZ,20201110,1.326,1.327,1.325,1.326,34930.98,20201110,1.0
161716.SZ,20201109,1.326,1.327,1.325,1.326,48223.27,20201109,1.0
161716.SZ,20201106,1.327,1.327,1.326,1.327,36704.75,20201106,1.0
161716.SZ,20201105,1.325,1.326,1.325,1.326,42634.96,20201105,1.0
161716.SZ,20201104,1.325,1.325,1.324,1.325,40776.6,20201104,1.0
161716.SZ,20201103,1.325,1.325,1.324,1.325,25673.31,20201103,1.0
161716.SZ,20201102,1.323,1.324,1.323,1.324,27977.4,20201102,1.0
161716.SZ,20201030,1.324,1.325,1.323,1.324,65956.34,20201030,1.0
161716.SZ,20201029,1.324,1.325,1.322,1.323,71500.44,20201029,1.0
161716.SZ,20201028,1.324,1.325,1.323,1.324,60167.75,20201028,1.0
161716.SZ,20201027,1.324,1.324,1.323,1.324,24377.37,20201027,1.0
161716.SZ,20201026,1.323,1.324,1.322,1.323,45161.2,20201026,1.0
161716.SZ,20201023,1.322,1.323,1.322,1.323,36825.43,20201023,1.0
161716.SZ,20201022,1.321,1.322,1.32,1.321,60000.58,20201022,1.0
161716.SZ,20201021,1.321,1.322,1.32,1.321,64659.51,20201021,1.0
161716.SZ,20201020,1.321,1.321,1.32,1.321,74726.64,20201020,1.0
161716.SZ,20201019,1.321,1.322,1.319,1.32,77664.25,20201019,1.0
161716.SZ,20201016,1.32,1.321,1.319,1.321,56042.88,20201016,1.0
161716.SZ,20201015,1.32,1.321,1.319,1.32,24720.0,20201015,1.0
161716.SZ,20201014,1.32,1.321,1.32,1.32,12884.01,20201014,1.0
161716.SZ,20201013,1.32,1.321,1.319,1.321,47369.08,20201013,1.0
161716.SZ,20201012,1.319,1.32,1.318,1.318,32331.97,20201012,1.0
161716.SZ,20201009,1.318,1.319,1.318,1.319,22884.57,20201009,1.0
161716.SZ,20200930,1.317,1.319,1.317,1.319,35178.26,20200930,1.0
161716.SZ,20200929,1.317,1.318,1.316,1.317,45306.54,20200929,1.0
161716.SZ,20200928,1.317,1.318,1.316,1.317,34083.33,20200928,1.0
161716.SZ,20200925,1.318,1.319,1.317,1.317,32434.79,20200925,1.0
161716.SZ,20200924,1.318,1.319,1.317,1.318,51355.3,20200924,1.0
161716.SZ,20200923,1.318,1.319,1.318,1.318,28582.4,20200923,1.0
161716.SZ,20200922,1.318,1.319,1.318,1.319,29109.56,20200922,1.0
161716.SZ,20200921,1.318,1.319,1.317,1.319,33045.49,20200921,1.0
161716.SZ,20200918,1.318,1.318,1.317,1.318,21190.77,20200918,1.0
161716.SZ,20200917,1.317,1.318,1.316,1.318,27569.1,20200917,1.0
161716.SZ,20200916,1.318,1.318,1.317,1.318,22645.66,20200916,1.0
161716.SZ,20200915,1.316,1.318,1.316,1.317,25152.43,20200915,1.0
161716.SZ,20200914,1.318,1.318,1.316,1.316,41497.0,20200914,1.0
161716.SZ,20200911,1.317,1.318,1.316,1.318,7671.44,20200911,1.0
161716.SZ,20200910,1.317,1.318,1.316,1.317,16368.79,20200910,1.0
161716.SZ,20200909,1.317,1.317,1.316,1.316,47686.89,20200909,1.0
161716.SZ,20200908,1.317,1.318,1.316,1.317,37734.34,20200908,1.0
161716.SZ,20200907,1.318,1.318,1.317,1.317,36181.92,20200907,1.0
161716.SZ,20200904,1.319,1.319,1.318,1.319,35433.11,20200904,1.0
161716.SZ,20200903,1.32,1.321,1.319,1.32,33742.42,20200903,1.0
161716.SZ,20200902,1.32,1.321,1.319,1.32,32417.54,20200902,1.0
161716.SZ,20200901,1.32,1.321,1.32,1.32,35394.21,20200901,1.0
161716.SZ,20200831,1.32,1.321,1.319,1.32,32762.35,20200831,1.0
161716.SZ,20200828,1.32,1.32,1.319,1.32,26507.12,20200828,1.0
161716.SZ,20200827,1.321,1.321,1.32,1.321,29254.13,20200827,1.0
161716.SZ,20200826,1.324,1.324,1.319,1.321,44122.54,20200826,1.0
161716.SZ,20200825,1.324,1.325,1.322,1.323,35191.49,20200825,1.0
161716.SZ,20200824,1.325,1.325,1.324,1.325,36646.14,20200824,1.0
161716.SZ,20200821,1.324,1.325,1.324,1.325,43856.29,20200821,1.0
161716.SZ,20200820,1.324,1.326,1.323,1.325,66577.69,20200820,1.0
161716.SZ,20200819,1.324,1.325,1.323,1.324,71494.79,20200819,1.0
161716.SZ,20200818,1.321,1.323,1.321,1.322,48521.6,20200818,1.0
161716.SZ,20200817,1.32,1.321,1.319,1.321,51010.4,20200817,1.0
161716.SZ,20200814,1.319,1.32,1.318,1.32,39436.1,20200814,1.0
161716.SZ,20200813,1.318,1.319,1.317,1.318,31955.13,20200813,1.0
161716.SZ,20200812,1.318,1.319,1.317,1.318,57229.93,20200812,1.0
161716.SZ,20200811,1.318,1.319,1.317,1.319,49022.76,20200811,1.0
161716.SZ,20200810,1.318,1.319,1.317,1.318,58514.83,20200810,1.0
161716.SZ,20200807,1.317,1.318,1.317,1.318,79578.9,20200807,1.0
161716.SZ,20200806,1.317,1.318,1.317,1.318,32739.12,20200806,1.0
161716.SZ,20200805,1.318,1.318,1.317,1.318,49565.29,20200805,1.0
161716.SZ,20200804,1.317,1.318,1.317,1.318,64304.23,20200804,1.0
161716.SZ,20200803,1.317,1.318,1.317,1.318,85931.71,20200803,1.0
161716.SZ,20200731,1.319,1.319,1.316,1.317,57460.0,20200731,1.0
161716.SZ,20200730,1.319,1.319,1.318,1.319,43885.45,20200730,1.0
161716.SZ,20200729,1.319,1.319,1.318,1.319,53537.36,20200729,1.0
161716.SZ,20200728,1.317,1.318,1.316,1.318,43701.31,20200728,1.0
161716.SZ,20200727,1.316,1.317,1.315,1.316,79975.1,20200727,1.0
161716.SZ,20200724,1.317,1.317,1.314,1.316,83324.14,20200724,1.0
161716.SZ,20200723,1.315,1.317,1.315,1.317,64993.18,20200723,1.0
161716.SZ,20200722,1.312,1.314,1.312,1.313,105256.4,20200722,1.0
161716.SZ,20200721,1.308,1.311,1.308,1.311,54969.81,20200721,1.0
161716.SZ,20200720,1.304,1.307,1.304,1.307,60227.04,20200720,1.0
161716.SZ,20200717,1.303,1.304,1.302,1.304,122438.94,20200717,1.0
161716.SZ,20200716,1.307,1.307,1.304,1.304,109147.09,20200716,1.0
161716.SZ,20200715,1.308,1.309,1.308,1.309,61976.83,20200715,1.0
161716.SZ,20200714,1.31,1.311,1.309,1.31,110561.44,20200714,1.0
161716.SZ,20200713,1.311,1.311,1.309,1.31,183250.3,20200713,1.0
161716.SZ,20200710,1.313,1.315,1.312,1.314,134597.52,20200710,1.0
161716.SZ,20200709,1.315,1.315,1.314,1.315,133476.14,20200709,1.0
161716.SZ,20200708,1.315,1.315,1.314,1.315,119912.07,20200708,1.0
161716.SZ,20200707,1.317,1.318,1.314,1.316,239022.54,20200707,1.0
161716.SZ,20200706,1.317,1.318,1.316,1.317,341824.6,20200706,1.0
161716.SZ,20200703,1.315,1.316,1.315,1.316,135701.04,20200703,1.0
161716.SZ,20200702,1.313,1.313,1.312,1.313,101945.13,20200702,1.0
161716.SZ,20200701,1.311,1.313,1.311,1.313,181726.39,20200701,1.0
161716.SZ,20200630,1.311,1.311,1.31,1.311,122616.08,20200630,1.0
161716.SZ,20200629,1.311,1.312,1.31,1.311,162548.36,20200629,1.0
161716.SZ,20200624,1.31,1.312,1.31,1.312,79433.56,20200624,1.0
161716.SZ,20200623,1.314,1.315,1.308,1.31,191901.57,20200623,1.0
161716.SZ,20200622,1.315,1.316,1.314,1.315,97336.39,20200622,1.0
161716.SZ,20200619,1.315,1.316,1.314,1.314,81949.58,20200619,1.0
161716.SZ,20200618,1.316,1.316,1.314,1.314,87432.54,20200618,1.0
161716.SZ,20200617,1.316,1.317,1.315,1.316,83200.33,20200617,1.0
161716.SZ,20200616,1.318,1.319,1.314,1.315,125970.0,20200616,1.0
161716.SZ,20200615,1.318,1.32,1.318,1.32,74238.89,20200615,1.0
161716.SZ,20200612,1.317,1.319,1.316,1.318,140202.12,20200612,1.0
161716.SZ,20200611,1.313,1.317,1.313,1.316,139193.64,20200611,1.0
161716.SZ,20200610,1.312,1.314,1.311,1.313,74914.42,20200610,1.0
161716.SZ,20200609,1.31,1.311,1.31,1.311,54501.24,20200609,1.0
161716.SZ,20200608,1.312,1.312,1.309,1.311,183412.77,20200608,1.0
161716.SZ,20200605,1.311,1.313,1.311,1.313,216342.56,20200605,1.0
161716.SZ,20200604,1.315,1.315,1.312,1.313,236033.35,20200604,1.0
161716.SZ,20200603,1.319,1.32,1.316,1.318,304960.66,20200603,1.0
161716.SZ,20200602,1.322,1.323,1.321,1.322,166097.87,20200602,1.0
161716.SZ,20200601,1.322,1.323,1.321,1.322,121750.61,20200601,1.0
161716.SZ,20200529,1.322,1.323,1.321,1.322,123649.72,20200529,1.0
161716.SZ,20200528,1.321,1.322,1.32,1.322,142599.32,20200528,1.0
161716.SZ,20200527,1.323,1.324,1.322,1.322,190104.17,20200527,1.0
161716.SZ,20200526,1.325,1.326,1.324,1.324,225716.03,20200526,1.0
161716.SZ,20200525,1.328,1.329,1.325,1.326,182003.12,20200525,1.0
161716.SZ,20200522,1.326,1.328,1.326,1.328,213190.08,20200522,1.0
161716.SZ,20200521,1.326,1.327,1.325,1.326,129755.34,20200521,1.0
161716.SZ,20200520,1.326,1.326,1.325,1.325,142218.04,20200520,1.0
161716.SZ,20200519,1.329,1.329,1.326,1.326,261964.86,20200519,1.0
161716.SZ,20200518,1.33,1.33,1.329,1.329,296315.97,20200518,1.0
161716.SZ,20200515,1.329,1.33,1.328,1.329,137942.23,20200515,1.0
161716.SZ,20200514,1.33,1.331,1.329,1.329,165195.02,20200514,1.0
161716.SZ,20200513,1.33,1.331,1.329,1.33,191602.99,20200513,1.0
161716.SZ,20200512,1.33,1.332,1.33,1.331,190337.28,20200512,1.0
161716.SZ,20200511,1.334,1.334,1.331,1.331,365847.6,20200511,1.0
161716.SZ,20200508,1.333,1.335,1.333,1.335,416044.96,20200508,1.0
161716.SZ,20200507,1.337,1.338,1.336,1.337,454968.13,20200507,1.0
161716.SZ,20200506,1.338,1.338,1.337,1.338,285096.43,20200506,1.0
161716.SZ,20200430,1.337,1.338,1.336,1.338,428532.52,20200430,1.0
161716.SZ,20200429,1.337,1.338,1.336,1.337,330192.45,20200429,1.0
161716.SZ,20200428,1.338,1.338,1.337,1.338,327762.02,20200428,1.0
161716.SZ,20200427,1.337,1.339,1.336,1.338,305366.43,20200427,1.0
161716.SZ,20200424,1.335,1.337,1.335,1.336,252327.94,20200424,1.0
161716.SZ,20200423,1.334,1.336,1.333,1.335,298108.05,20200423,1.0
161716.SZ,20200422,1.332,1.334,1.332,1.334,240482.13,20200422,1.0
161716.SZ,20200421,1.333,1.333,1.332,1.332,160795.63,20200421,1.0
161716.SZ,20200420,1.332,1.333,1.332,1.333,261537.51,20200420,1.0
161716.SZ,20200417,1.331,1.332,1.33,1.331,310200.64,20200417,1.0
161716.SZ,20200416,1.33,1.331,1.33,1.33,129878.46,20200416,1.0
161716.SZ,20200415,1.331,1.331,1.33,1.33,191174.25,20200415,1.0
161716.SZ,20200414,1.33,1.331,1.33,1.331,177756.52,20200414,1.0
161716.SZ,20200413,1.332,1.332,1.33,1.331,281382.81,20200413,1.0
161716.SZ,20200410,1.331,1.332,1.33,1.332,189610.67,20200410,1.0
161716.SZ,20200409,1.329,1.331,1.328,1.33,229239.52,20200409,1.0
161716.SZ,20200408,1.324,1.327,1.324,1.327,243938.35,20200408,1.0
161716.SZ,20200407,1.322,1.323,1.322,1.323,166917.94,20200407,1.0
161716.SZ,20200403,1.322,1.323,1.321,1.323,206963.54,20200403,1.0
161716.SZ,20200402,1.321,1.322,1.32,1.321,162492.47,20200402,1.0
161716.SZ,20200401,1.32,1.322,1.319,1.321,259656.45,20200401,1.0
161716.SZ,20200331,1.319,1.32,1.318,1.319,79676.34,20200331,1.0
161716.SZ,20200330,1.321,1.321,1.319,1.32,125429.66,20200330,1.0
161716.SZ,20200327,1.319,1.321,1.319,1.321,119800.86,20200327,1.0
161716.SZ,20200326,1.317,1.32,1.317,1.319,163150.32,20200326,1.0
161716.SZ,20200325,1.316,1.318,1.315,1.318,142605.46,20200325,1.0
161716.SZ,20200324,1.314,1.315,1.313,1.315,130663.57,20200324,1.0
161716.SZ,20200323,1.311,1.313,1.311,1.312,160508.96,20200323,1.0
161716.SZ,20200320,1.309,1.313,1.309,1.313,178847.68,20200320,1.0
161716.SZ,20200319,1.309,1.309,1.307,1.309,273822.83,20200319,1.0
161716.SZ,20200318,1.31,1.311,1.308,1.308,288297.94,20200318,1.0
161716.SZ,20200317,1.313,1.313,1.308,1.312,380412.27,20200317,1.0
161716.SZ,20200316,1.32,1.32,1.315,1.315,389736.43,20200316,1.0
161716.SZ,20200313,1.32,1.321,1.315,1.321,426491.58,20200313,1.0
161716.SZ,20200312,1.324,1.325,1.322,1.323,386599.38,20200312,1.0
161716.SZ,20200311,1.324,1.325,1.323,1.324,350082.96,20200311,1.0
161716.SZ,20200310,1.323,1.325,1.323,1.324,336381.0,20200310,1.0
161716.SZ,20200309,1.322,1.324,1.321,1.324,451079.46,20200309,1.0
161716.SZ,20200306,1.321,1.323,1.32,1.322,303574.02,20200306,1.0
161716.SZ,20200305,1.32,1.321,1.319,1.32,260932.44,20200305,1.0
161716.SZ,20200304,1.32,1.321,1.319,1.32,232133.94,20200304,1.0
161716.SZ,20200303,1.321,1.322,1.32,1.32,204493.21,20200303,1.0
161716.SZ,20200302,1.321,1.322,1.32,1.322,211587.38,20200302,1.0
161716.SZ,20200228,1.319,1.324,1.318,1.324,184021.39,20200228,1.0
161716.SZ,20200227,1.318,1.32,1.317,1.319,136977.05,20200227,1.0
161716.SZ,20200226,1.316,1.319,1.316,1.318,174585.1,20200226,1.0
161716.SZ,20200225,1.316,1.317,1.315,1.316,136924.02,20200225,1.0
161716.SZ,20200224,1.315,1.316,1.315,1.315,139378.54,20200224,1.0
161716.SZ,20200221,1.315,1.316,1.314,1.316,139331.28,20200221,1.0
161716.SZ,20200220,1.314,1.315,1.313,1.314,147208.96,20200220,1.0
161716.SZ,20200219,1.314,1.315,1.313,1.314,107268.87,20200219,1.0
161716.SZ,20200218,1.314,1.315,1.313,1.314,110283.94,20200218,1.0
161716.SZ,20200217,1.313,1.315,1.312,1.315,79456.53,20200217,1.0
161716.SZ,20200214,1.311,1.313,1.31,1.313,79690.37,20200214,1.0
161716.SZ,20200213,1.309,1.311,1.309,1.311,59363.61,20200213,1.0
161716.SZ,20200212,1.308,1.309,1.307,1.309,63269.63,20200212,1.0
161716.SZ,20200211,1.308,1.308,1.307,1.308,36230.56,20200211,1.0
161716.SZ,20200210,1.307,1.308,1.306,1.307,32798.27,20200210,1.0
161716.SZ,20200207,1.307,1.308,1.306,1.307,38121.86,20200207,1.0
161716.SZ,20200206,1.306,1.308,1.305,1.308,37542.19,20200206,1.0
161716.SZ,20200205,1.302,1.306,1.302,1.306,36381.74,20200205,1.0
161716.SZ,20200204,1.298,1.302,1.298,1.302,66517.19,20200204,1.0
161716.SZ,20200203,1.295,1.297,1.28,1.295,59310.99,20200203,1.0
161716.SZ,20200123,1.296,1.298,1.296,1.297,28813.33,20200123,1.0
161716.SZ,20200122,1.296,1.297,1.295,1.297,37483.82,20200122,1.0
161716.SZ,20200121,1.295,1.296,1.294,1.296,65620.03,20200121,1.0
161716.SZ,20200120,1.295,1.295,1.294,1.295,45267.52,20200120,1.0
161716.SZ,20200117,1.295,1.298,1.294,1.296,67175.93,20200117,1.0
161716.SZ,20200116,1.3,1.302,1.296,1.296,70090.78,20200116,1.0
161716.SZ,20200115,1.302,1.303,1.301,1.302,53063.38,20200115,1.0
161716.SZ,20200114,1.301,1.305,1.301,1.303,44812.84,20200114,1.0
161716.SZ,20200113,1.298,1.304,1.298,1.303,39953.73,20200113,1.0
161716.SZ,20200110,1.296,1.303,1.296,1.301,28068.07,20200110,1.0
161716.SZ,20200109,1.295,1.298,1.295,1.298,21671.08,20200109,1.0
161716.SZ,20200108,1.294,1.296,1.293,1.296,19260.54,20200108,1.0
161716.SZ,20200107,1.293,1.294,1.292,1.294,37533.2,20200107,1.0
161716.SZ,20200106,1.292,1.293,1.291,1.292,23873.61,20200106,1.0
161716.SZ,20200103,1.292,1.293,1.291,1.292,26317.81,20200103,1.0
161716.SZ,20200102,1.292,1.293,1.291,1.293,25840.51,20200102,1.0
161716.SZ,20191231,1.29,1.293,1.29,1.292,23398.44,20191231,1.0
161716.SZ,20191230,1.29,1.29,1.288,1.29,17075.28,20191230,1.0
161716.SZ,20191227,1.287,1.291,1.287,1.29,18157.38,20191227,1.0
161716.SZ,20191226,1.286,1.287,1.286,1.287,7562.0,20191226,1.0
161716.SZ,20191225,1.285,1.287,1.285,1.286,12284.11,20191225,1.0
161716.SZ,20191224,1.284,1.285,1.284,1.285,11978.54,20191224,1.0
161716.SZ,20191223,1.284,1.285,1.284,1.285,2711.48,20191223,1.0
161716.SZ,20191220,1.284,1.285,1.283,1.284,7084.0,20191220,1.0
161716.SZ,20191219,1.284,1.284,1.283,1.283,6568.0,20191219,1.0
161716.SZ,20191218,1.284,1.284,1.282,1.283,5119.79,20191218,1.0
161716.SZ,20191217,1.281,1.283,1.275,1.283,9850.47,20191217,1.0
161716.SZ,20191216,1.281,1.282,1.281,1.282,13776.54,20191216,1.0
161716.SZ,20191213,1.281,1.282,1.28,1.282,17407.47,20191213,1.0
161716.SZ,20191212,1.28,1.282,1.28,1.282,5613.27,20191212,1.0
161716.SZ,20191211,1.281,1.281,1.28,1.28,1835.78,20191211,1.0
161716.SZ,20191210,1.28,1.281,1.278,1.281,9548.01,20191210,1.0
161716.SZ,20191209,1.28,1.281,1.28,1.28,5428.08,20191209,1.0
161716.SZ,20191206,1.279,1.28,1.279,1.279,5890.14,20191206,1.0
161716.SZ,20191205,1.279,1.28,1.279,1.279,4684.0,20191205,1.0
161716.SZ,20191204,1.278,1.28,1.278,1.279,3329.96,20191204,1.0
161716.SZ,20191203,1.278,1.279,1.278,1.279,6471.94,20191203,1.0
161716.SZ,20191202,1.278,1.279,1.278,1.279,3219.22,20191202,1.0
161716.SZ,20191129,1.278,1.279,1.278,1.278,1294.0,20191129,1.0
161716.SZ,20191128,1.278,1.278,1.277,1.277,4352.0,20191128,1.0
161716.SZ,20191127,1.277,1.278,1.276,1.278,2195.0,20191127,1.0
161716.SZ,20191126,1.277,1.278,1.277,1.277,2216.72,20191126,1.0
161716.SZ,20191125,1.276,1.278,1.276,1.277,3846.18,20191125,1.0
161716.SZ,20191122,1.277,1.279,1.276,1.278,11778.0,20191122,1.0
161716.SZ,20191121,1.276,1.277,1.276,1.276,3811.0,20191121,1.0
161716.SZ,20191120,1.275,1.276,1.274,1.275,3807.0,20191120,1.0
161716.SZ,20191119,1.273,1.275,1.273,1.275,4334.77,20191119,1.0
161716.SZ,20191118,1.272,1.273,1.272,1.273,8624.3,20191118,1.0
161716.SZ,20191115,1.27,1.271,1.27,1.27,1920.0,20191115,1.0
161716.SZ,20191114,1.27,1.271,1.27,1.27,4553.0,20191114,1.0
161716.SZ,20191113,1.269,1.27,1.269,1.269,7728.84,20191113,1.0
161716.SZ,20191112,1.268,1.269,1.268,1.269,3398.0,20191112,1.0
161716.SZ,20191111,1.268,1.269,1.268,1.268,4320.0,20191111,1.0
161716.SZ,20191108,1.267,1.268,1.267,1.268,4249.01,20191108,1.0
161716.SZ,20191107,1.267,1.268,1.265,1.268,4251.77,20191107,1.0
161716.SZ,20191106,1.266,1.267,1.265,1.267,3410.25,20191106,1.0
161716.SZ,20191105,1.265,1.266,1.264,1.266,5645.29,20191105,1.0
161716.SZ,20191104,1.266,1.266,1.263,1.264,19433.48,20191104,1.0
161716.SZ,20191101,1.266,1.267,1.266,1.267,1321.0,20191101,1.0
161716.SZ,20191031,1.268,1.268,1.266,1.266,8438.0,20191031,1.0
161716.SZ,20191030,1.27,1.27,1.268,1.269,12380.0,20191030,1.0
161716.SZ,20191025,1.27,1.271,1.27,1.27,5580.09,20191025,1.0
161716.SZ,20191024,1.27,1.271,1.27,1.271,4938.99,20191024,1.0
161716.SZ,20191023,1.271,1.271,1.27,1.271,8010.09,20191023,1.0
161716.SZ,20191022,1.27,1.271,1.27,1.27,6694.54,20191022,1.0
161716.SZ,20191021,1.27,1.271,1.27,1.27,7020.77,20191021,1.0
161716.SZ,20191018,1.271,1.271,1.27,1.27,3182.78,20191018,1.0
161716.SZ,20191017,1.27,1.271,1.27,1.271,3934.93,20191017,1.0
161716.SZ,20191016,1.27,1.271,1.269,1.271,13597.87,20191016,1.0
161716.SZ,20191015,1.269,1.27,1.268,1.27,7651.03,20191015,1.0
161716.SZ,20191014,1.268,1.27,1.268,1.27,20776.34,20191014,1.0
161716.SZ,20191011,1.269,1.269,1.267,1.267,3147.0,20191011,1.0
161716.SZ,20191010,1.268,1.269,1.268,1.269,9149.66,20191010,1.0
161716.SZ,20191009,1.268,1.269,1.268,1.269,6056.47,20191009,1.0
161716.SZ,20191008,1.268,1.269,1.267,1.268,24373.35,20191008,1.0
161716.SZ,20190930,1.266,1.268,1.266,1.268,6037.29,20190930,1.0
161716.SZ,20190927,1.266,1.267,1.266,1.267,3172.0,20190927,1.0
161716.SZ,20190926,1.267,1.267,1.266,1.267,4736.0,20190926,1.0
161716.SZ,20190925,1.267,1.268,1.267,1.267,9332.61,20190925,1.0
161716.SZ,20190924,1.267,1.268,1.267,1.268,10458.61,20190924,1.0
161716.SZ,20190923,1.268,1.269,1.267,1.269,7811.02,20190923,1.0
161716.SZ,20190920,1.267,1.269,1.267,1.268,29622.83,20190920,1.0
161716.SZ,20190919,1.268,1.268,1.267,1.268,5632.07,20190919,1.0
161716.SZ,20190918,1.268,1.268,1.267,1.268,5352.9,20190918,1.0
161716.SZ,20190917,1.268,1.268,1.267,1.268,7804.46,20190917,1.0
161716.SZ,20190916,1.269,1.269,1.268,1.268,8724.1,20190916,1.0
161716.SZ,20190912,1.267,1.269,1.267,1.269,3963.89,20190912,1.0
161716.SZ,20190911,1.267,1.268,1.267,1.268,11627.01,20190911,1.0
161716.SZ,20190910,1.266,1.268,1.266,1.267,19370.75,20190910,1.0
161716.SZ,20190909,1.266,1.267,1.265,1.266,12236.13,20190909,1.0
161716.SZ,20190906,1.267,1.267,1.266,1.266,2928.23,20190906,1.0
161716.SZ,20190905,1.266,1.267,1.265,1.267,15078.48,20190905,1.0
161716.SZ,20190904,1.266,1.267,1.265,1.266,5742.25,20190904,1.0
161716.SZ,20190903,1.265,1.266,1.265,1.266,7619.37,20190903,1.0
161716.SZ,20190902,1.266,1.266,1.265,1.265,10127.8,20190902,1.0
161716.SZ,20190830,1.266,1.267,1.265,1.266,8555.88,20190830,1.0
161716.SZ,20190829,1.266,1.266,1.265,1.266,8705.59,20190829,1.0
161716.SZ,20190828,1.266,1.267,1.265,1.267,4605.26,20190828,1.0
161716.SZ,20190827,1.266,1.267,1.265,1.267,7950.87,20190827,1.0
161716.SZ,20190826,1.264,1.267,1.264,1.267,25124.29,20190826,1.0
161716.SZ,20190823,1.267,1.267,1.265,1.267,13387.82,20190823,1.0
161716.SZ,20190822,1.27,1.27,1.267,1.269,8850.59,20190822,1.0
161716.SZ,20190821,1.27,1.271,1.269,1.27,8448.06,20190821,1.0
161716.SZ,20190820,1.269,1.271,1.269,1.271,8775.92,20190820,1.0
161716.SZ,20190819,1.269,1.271,1.268,1.27,8198.45,20190819,1.0
161716.SZ,20190816,1.267,1.271,1.267,1.27,6571.05,20190816,1.0
161716.SZ,20190815,1.265,1.269,1.265,1.269,8470.54,20190815,1.0
161716.SZ,20190814,1.265,1.268,1.264,1.267,12327.91,20190814,1.0
161716.SZ,20190813,1.264,1.267,1.264,1.267,11594.8,20190813,1.0
161716.SZ,20190812,1.267,1.267,1.264,1.266,13502.18,20190812,1.0
161716.SZ,20190809,1.274,1.274,1.266,1.269,12933.24,20190809,1.0
161716.SZ,20190808,1.272,1.275,1.27,1.275,8238.56,20190808,1.0
161716.SZ,20190807,1.267,1.274,1.267,1.273,9025.35,20190807,1.0
161716.SZ,20190806,1.265,1.269,1.265,1.268,6174.95,20190806,1.0
161716.SZ,20190805,1.262,1.266,1.262,1.266,10993.4,20190805,1.0
161716.SZ,20190802,1.26,1.262,1.258,1.262,5301.39,20190802,1.0
161716.SZ,20190801,1.259,1.26,1.258,1.26,7966.1,20190801,1.0
161716.SZ,20190731,1.257,1.258,1.257,1.258,2703.0,20190731,1.0
161716.SZ,20190730,1.258,1.258,1.257,1.257,5507.0,20190730,1.0
161716.SZ,20190729,1.257,1.258,1.257,1.257,2965.22,20190729,1.0
161716.SZ,20190726,1.256,1.257,1.256,1.257,3491.72,20190726,1.0
161716.SZ,20190725,1.256,1.257,1.256,1.257,2939.67,20190725,1.0
161716.SZ,20190724,1.257,1.257,1.256,1.256,5291.0,20190724,1.0
161716.SZ,20190723,1.257,1.257,1.256,1.257,1652.0,20190723,1.0
161716.SZ,20190722,1.256,1.257,1.256,1.256,2151.15,20190722,1.0
161716.SZ,20190719,1.256,1.257,1.255,1.257,2915.17,20190719,1.0
161716.SZ,20190718,1.255,1.257,1.255,1.256,5489.17,20190718,1.0
161716.SZ,20190717,1.256,1.256,1.254,1.256,4215.0,20190717,1.0
161716.SZ,20190716,1.254,1.256,1.254,1.256,1711.0,20190716,1.0
161716.SZ,20190715,1.255,1.255,1.253,1.254,4527.83,20190715,1.0
161716.SZ,20190712,1.255,1.255,1.254,1.255,2261.8,20190712,1.0
161716.SZ,20190711,1.256,1.256,1.253,1.255,6664.51,20190711,1.0
161716.SZ,20190710,1.256,1.257,1.255,1.256,5031.37,20190710,1.0
161716.SZ,20190709,1.255,1.257,1.255,1.257,4644.79,20190709,1.0
161716.SZ,20190708,1.254,1.261,1.254,1.261,3903.07,20190708,1.0
161716.SZ,20190705,1.252,1.255,1.252,1.255,8600.59,20190705,1.0
161716.SZ,20190704,1.252,1.254,1.252,1.253,1931.0,20190704,1.0
161716.SZ,20190703,1.251,1.252,1.25,1.251,2312.0,20190703,1.0
161716.SZ,20190702,1.25,1.251,1.249,1.251,850.27,20190702,1.0
161716.SZ,20190628,1.249,1.251,1.249,1.249,2389.0,20190628,1.0
161716.SZ,20190627,1.249,1.251,1.248,1.251,4966.14,20190627,1.0
161716.SZ,20190626,1.248,1.25,1.248,1.25,14675.97,20190626,1.0
161716.SZ,20190625,1.247,1.248,1.247,1.248,1691.0,20190625,1.0
161716.SZ,20190624,1.247,1.248,1.245,1.247,5451.07,20190624,1.0
161716.SZ,20190621,1.245,1.247,1.157,1.247,2092.0,20190621,1.0
161716.SZ,20190620,1.246,1.247,1.245,1.246,1365.0,20190620,1.0
161716.SZ,20190619,1.245,1.248,1.245,1.246,2021.0,20190619,1.0
161716.SZ,20190618,1.247,1.247,1.245,1.246,2276.29,20190618,1.0
161716.SZ,20190617,1.247,1.247,1.244,1.247,6187.44,20190617,1.0
161716.SZ,20190614,1.247,1.247,1.246,1.246,5220.5,20190614,1.0
161716.SZ,20190613,1.248,1.249,1.248,1.248,2253.0,20190613,1.0
161716.SZ,20190612,1.248,1.249,1.248,1.249,1374.0,20190612,1.0
161716.SZ,20190611,1.248,1.249,1.248,1.249,2858.12,20190611,1.0
161716.SZ,20190610,1.248,1.249,1.246,1.249,2964.92,20190610,1.0
161716.SZ,20190606,1.246,1.248,1.246,1.248,1950.29,20190606,1.0
161716.SZ,20190605,1.245,1.247,1.245,1.246,2199.04,20190605,1.0
161716.SZ,20190604,1.245,1.246,1.244,1.246,2080.45,20190604,1.0
161716.SZ,20190603,1.244,1.245,1.244,1.245,3968.12,20190603,1.0
161716.SZ,20190531,1.243,1.245,1.243,1.245,1880.92,20190531,1.0
161716.SZ,20190530,1.244,1.245,1.243,1.243,2398.0,20190530,1.0
161716.SZ,20190529,1.244,1.246,1.243,1.244,2039.05,20190529,1.0
161716.SZ,20190528,1.246,1.246,1.245,1.246,1975.0,20190528,1.0
161716.SZ,20190527,1.247,1.247,1.246,1.247,5091.0,20190527,1.0
161716.SZ,20190524,1.247,1.247,1.246,1.247,3475.08,20190524,1.0
161716.SZ,20190523,1.246,1.247,1.246,1.246,1270.21,20190523,1.0
161716.SZ,20190522,1.246,1.247,1.246,1.247,3512.28,20190522,1.0
161716.SZ,20190521,1.245,1.247,1.245,1.247,2407.14,20190521,1.0
161716.SZ,20190520,1.243,1.246,1.243,1.246,1540.77,20190520,1.0
161716.SZ,20190517,1.246,1.248,1.245,1.245,1277.0,20190517,1.0
161716.SZ,20190516,1.243,1.246,1.243,1.245,7319.01,20190516,1.0
161716.SZ,20190515,1.244,1.244,1.242,1.243,2682.0,20190515,1.0
161716.SZ,20190514,1.239,1.244,1.239,1.243,657.87,20190514,1.0
161716.SZ,20190513,1.233,1.243,1.233,1.243,730.0,20190513,1.0
161716.SZ,20190510,1.239,1.241,1.239,1.241,1239.08,20190510,1.0
161716.SZ,20190509,1.235,1.239,1.235,1.239,1870.03,20190509,1.0
161716.SZ,20190508,1.236,1.237,1.234,1.234,759.0,20190508,1.0
161716.SZ,20190507,1.231,1.234,1.231,1.234,2463.69,20190507,1.0
161716.SZ,20190506,1.228,1.23,1.227,1.229,1365.95,20190506,1.0
161716.SZ,20190429,1.228,1.23,1.228,1.228,625.29,20190429,1.0
161716.SZ,20190426,1.228,1.229,1.228,1.229,5677.22,20190426,1.0
161716.SZ,20190425,1.229,1.23,1.228,1.228,1057.0,20190425,1.0
161716.SZ,20190424,1.229,1.23,1.226,1.229,590.0,20190424,1.0
161716.SZ,20190423,1.231,1.231,1.231,1.231,13.0,20190423,1.0
161716.SZ,20190422,1.227,1.229,1.227,1.229,2301.7,20190422,1.0
161716.SZ,20190419,1.227,1.227,1.227,1.227,101.0,20190419,1.0
161716.SZ,20190418,1.226,1.227,1.226,1.226,1546.0,20190418,1.0
161716.SZ,20190417,1.228,1.228,1.221,1.227,561.91,20190417,1.0
161716.SZ,20190416,1.23,1.231,1.229,1.231,104.49,20190416,1.0
161716.SZ,20190415,1.231,1.231,1.23,1.231,485.0,20190415,1.0
161716.SZ,20190412,1.23,1.232,1.228,1.23,435.0,20190412,1.0
161716.SZ,20190411,1.23,1.232,1.23,1.231,511.0,20190411,1.0
161716.SZ,20190410,1.23,1.232,1.23,1.23,555.78,20190410,1.0
161716.SZ,20190409,1.23,1.232,1.23,1.232,448.0,20190409,1.0
161716.SZ,20190408,1.231,1.232,1.229,1.231,6200.18,20190408,1.0
161716.SZ,20190404,1.231,1.231,1.229,1.23,2216.9,20190404,1.0
161716.SZ,20190403,1.233,1.233,1.231,1.233,830.0,20190403,1.0
161716.SZ,20190402,1.23,1.232,1.23,1.232,436.0,20190402,1.0
161716.SZ,20190401,1.229,1.232,1.229,1.23,259.0,20190401,1.0
161716.SZ,20190329,1.232,1.232,1.229,1.229,944.24,20190329,1.0
161716.SZ,20190328,1.23,1.232,1.23,1.23,1386.06,20190328,1.0
161716.SZ,20190327,1.231,1.231,1.229,1.23,2509.0,20190327,1.0
161716.SZ,20190326,1.23,1.231,1.228,1.231,999.96,20190326,1.0
161716.SZ,20190325,1.228,1.231,1.228,1.231,559.08,20190325,1.0
161716.SZ,20190322,1.233,1.233,1.231,1.231,380.24,20190322,1.0
161716.SZ,20190321,1.23,1.233,1.23,1.232,1470.04,20190321,1.0
161716.SZ,20190320,1.229,1.233,1.229,1.23,1566.33,20190320,1.0
161716.SZ,20190319,1.229,1.229,1.228,1.228,1111.0,20190319,1.0
161716.SZ,20190318,1.228,1.229,1.226,1.228,668.0,20190318,1.0
161716.SZ,20190315,1.227,1.229,1.227,1.229,1144.47,20190315,1.0
161716.SZ,20190314,1.227,1.229,1.226,1.228,1233.0,20190314,1.0
161716.SZ,20190313,1.225,1.228,1.225,1.228,1502.14,20190313,1.0
161716.SZ,20190312,1.226,1.226,1.224,1.226,1157.91,20190312,1.0
161716.SZ,20190311,1.226,1.227,1.225,1.226,2648.96,20190311,1.0
161716.SZ,20190308,1.224,1.226,1.224,1.226,795.0,20190308,1.0
161716.SZ,20190307,1.225,1.226,1.224,1.224,234.0,20190307,1.0
161716.SZ,20190306,1.223,1.226,1.223,1.226,2457.06,20190306,1.0
161716.SZ,20190305,1.223,1.226,1.222,1.225,1688.71,20190305,1.0
161716.SZ,20190304,1.224,1.225,1.223,1.223,2709.89,20190304,1.0
161716.SZ,20190301,1.224,1.225,1.224,1.224,329.62,20190301,1.0
161716.SZ,20190228,1.225,1.225,1.224,1.224,913.87,20190228,1.0
161716.SZ,20190227,1.226,1.226,1.222,1.225,3489.91,20190227,1.0
161716.SZ,20190226,1.226,1.229,1.223,1.226,2862.0,20190226,1.0
161716.SZ,20190225,1.232,1.232,1.22,1.226,2440.1,20190225,1.0
161716.SZ,20190222,1.233,1.236,1.231,1.235,5032.66,20190222,1.0
161716.SZ,20190221,1.236,1.237,1.234,1.236,1956.09,20190221,1.0
161716.SZ,20190220,1.228,1.246,1.228,1.237,5176.63,20190220,1.0
161716.SZ,20190219,1.233,1.233,1.228,1.229,3135.63,20190219,1.0
161716.SZ,20190218,1.233,1.234,1.233,1.233,2221.08,20190218,1.0
161716.SZ,20190215,1.229,1.234,1.229,1.234,923.5,20190215,1.0
161716.SZ,20190214,1.229,1.235,1.228,1.229,1673.77,20190214,1.0
161716.SZ,20190213,1.226,1.23,1.226,1.23,3637.6,20190213,1.0
161716.SZ,20190212,1.222,1.226,1.222,1.226,3002.32,20190212,1.0
161716.SZ,20190211,1.22,1.223,1.22,1.221,1175.13,20190211,1.0
161716.SZ,20190201,1.22,1.223,1.218,1.223,732.29,20190201,1.0
161716.SZ,20190131,1.218,1.22,1.218,1.22,772.19,20190131,1.0
161716.SZ,20190130,1.219,1.219,1.218,1.219,521.96,20190130,1.0
161716.SZ,20190129,1.217,1.219,1.217,1.219,616.81,20190129,1.0
161716.SZ,20190128,1.218,1.219,1.218,1.218,646.1,20190128,1.0
161716.SZ,20190125,1.219,1.219,1.217,1.217,616.0,20190125,1.0
161716.SZ,20190124,1.217,1.219,1.217,1.219,1133.53,20190124,1.0
161716.SZ,20190123,1.219,1.22,1.219,1.219,449.0,20190123,1.0
161716.SZ,20190122,1.22,1.22,1.219,1.22,787.0,20190122,1.0
161716.SZ,20190121,1.216,1.22,1.216,1.22,440.0,20190121,1.0
161716.SZ,20190118,1.219,1.219,1.218,1.219,1062.51,20190118,1.0
161716.SZ,20190117,1.219,1.219,1.218,1.218,843.81,20190117,1.0
161716.SZ,20190116,1.217,1.218,1.216,1.218,670.07,20190116,1.0
161716.SZ,20190115,1.216,1.217,1.215,1.217,338.48,20190115,1.0
161716.SZ,20190114,1.217,1.218,1.213,1.214,2498.21,20190114,1.0
161716.SZ,20190111,1.218,1.218,1.217,1.217,1109.0,20190111,1.0
161716.SZ,20190110,1.218,1.218,1.217,1.217,1283.86,20190110,1.0
161716.SZ,20190109,1.22,1.22,1.216,1.219,2693.35,20190109,1.0
161716.SZ,20190108,1.224,1.225,1.222,1.222,1965.6,20190108,1.0
161716.SZ,20190107,1.228,1.234,1.218,1.225,3676.73,20190107,1.0
161716.SZ,20190104,1.23,1.251,1.225,1.248,613.24,20190104,1.0
161716.SZ,20190103,1.227,1.24,1.219,1.23,1003.65,20190103,1.0
161716.SZ,20190102,1.215,1.232,1.215,1.228,812.58,20190102,1.0
161716.SZ,20181228,1.212,1.213,1.212,1.213,619.73,20181228,1.0
161716.SZ,20181227,1.207,1.213,1.207,1.213,784.32,20181227,1.0
161716.SZ,20181226,1.211,1.211,1.211,1.211,936.0,20181226,1.0
161716.SZ,20181225,1.213,1.213,1.209,1.209,175.12,20181225,1.0
161716.SZ,20181221,1.213,1.213,1.213,1.213,71.0,20181221,1.0
161716.SZ,20181220,1.21,1.211,1.21,1.211,393.89,20181220,1.0
161716.SZ,20181219,1.218,1.218,1.21,1.21,1099.0,20181219,1.0
161716.SZ,20181218,1.21,1.21,1.208,1.208,130.0,20181218,1.0
161716.SZ,20181217,1.215,1.215,1.215,1.215,100.0,20181217,1.0
161716.SZ,20181214,1.212,1.221,1.21,1.216,389.0,20181214,1.0
161716.SZ,20181213,1.222,1.222,1.219,1.219,396.0,20181213,1.0
161716.SZ,20181212,1.229,1.239,1.226,1.23,402.35,20181212,1.0
161716.SZ,20181211,1.222,1.229,1.222,1.229,10.0,20181211,1.0
161716.SZ,20181210,1.216,1.222,1.216,1.222,9.73,20181210,1.0
161716.SZ,20181207,1.213,1.218,1.213,1.216,296.78,20181207,1.0
161716.SZ,20181206,1.212,1.221,1.212,1.221,11.0,20181206,1.0
161716.SZ,20181205,1.202,1.209,1.202,1.209,201.09,20181205,1.0
161716.SZ,20181204,1.21,1.21,1.21,1.21,108.0,20181204,1.0
161716.SZ,20181203,1.214,1.214,1.214,1.214,24.58,20181203,1.0
161716.SZ,20181130,1.214,1.223,1.214,1.223,32.9,20181130,1.0
161716.SZ,20181129,1.214,1.222,1.214,1.216,28.6,20181129,1.0
161716.SZ,20181128,1.216,1.216,1.216,1.216,33.21,20181128,1.0
161716.SZ,20181127,1.219,1.219,1.219,1.219,14.12,20181127,1.0
161716.SZ,20181126,1.211,1.219,1.201,1.219,335.36,20181126,1.0
161716.SZ,20181123,1.206,1.21,1.206,1.21,200.71,20181123,1.0
161716.SZ,20181122,1.2,1.2,1.2,1.2,18.0,20181122,1.0
161716.SZ,20181121,1.203,1.203,1.2,1.2,45.0,20181121,1.0
161716.SZ,20181120,1.207,1.21,1.206,1.209,52.0,20181120,1.0
161716.SZ,20181119,1.206,1.206,1.206,1.206,7.0,20181119,1.0
161716.SZ,20181116,1.195,1.195,1.19,1.19,12.0,20181116,1.0
161716.SZ,20181115,1.19,1.191,1.19,1.19,115.0,20181115,1.0
161716.SZ,20181114,1.187,1.187,1.187,1.187,80.0,20181114,1.0
161716.SZ,20181112,1.181,1.186,1.181,1.186,5.0,20181112,1.0
161716.SZ,20181108,1.185,1.185,1.184,1.184,9.0,20181108,1.0
161716.SZ,20181106,1.19,1.19,1.185,1.19,128.0,20181106,1.0
161716.SZ,20181105,1.19,1.192,1.179,1.192,149.0,20181105,1.0
161716.SZ,20181102,1.178,1.192,1.178,1.192,815.61,20181102,1.0
161716.SZ,20181101,1.182,1.182,1.181,1.181,74.0,20181101,1.0
161716.SZ,20181031,1.19,1.19,1.19,1.19,13.28,20181031,1.0
161716.SZ,20181030,1.177,1.205,1.177,1.192,205.0,20181030,1.0
161716.SZ,20181029,1.185,1.192,1.185,1.187,3.0,20181029,1.0
161716.SZ,20181026,1.187,1.187,1.187,1.187,1.0,20181026,1.0
161716.SZ,20181025,1.183,1.197,1.183,1.183,125.0,20181025,1.0
161716.SZ,20181018,1.177,1.178,1.177,1.177,213.0,20181018,1.0
161716.SZ,20181017,1.185,1.185,1.185,1.185,197.93,20181017,1.0
161716.SZ,20181016,1.19,1.19,1.19,1.19,1.0,20181016,1.0
161716.SZ,20181015,1.176,1.197,1.176,1.197,113.0,20181015,1.0
161716.SZ,20181012,1.172,1.173,1.172,1.173,236.0,20181012,1.0
161716.SZ,20181011,1.179,1.179,1.171,1.171,82.0,20181011,1.0
161716.SZ,20181010,1.182,1.183,1.182,1.182,204.0,20181010,1.0
161716.SZ,20181009,1.186,1.186,1.186,1.186,88.0,20181009,1.0
161716.SZ,20181008,1.185,1.19,1.18,1.189,751.0,20181008,1.0
161716.SZ,20180928,1.201,1.201,1.201,1.201,351.0,20180928,1.0
161716.SZ,20180927,1.201,1.202,1.201,1.202,309.22,20180927,1.0
161716.SZ,20180926,1.197,1.222,1.197,1.222,26.38,20180926,1.0
161716.SZ,20180925,1.167,1.3,1.167,1.197,94.0,20180925,1.0
161716.SZ,20180921,1.183,1.197,1.183,1.197,18.0,20180921,1.0
161716.SZ,20180920,1.176,1.215,1.176,1.196,76.86,20180920,1.0
161716.SZ,20180917,1.173,1.173,1.173,1.173,1.0,20180917,1.0
161716.SZ,20180828,1.171,1.171,1.171,1.171,3.0,20180828,1.0
161716.SZ,20180823,1.161,1.161,1.161,1.161,6.0,20180823,1.0
161716.SZ,20180822,1.167,1.167,1.167,1.167,7.2,20180822,1.0
161716.SZ,20180817,1.162,1.162,1.162,1.162,1.0,20180817,1.0
161716.SZ,20180803,1.162,1.162,1.162,1.162,4.0,20180803,1.0
161716.SZ,20180731,1.156,1.156,1.156,1.156,100.0,20180731,1.0
161716.SZ,20180727,1.155,1.155,1.155,1.155,2.0,20180727,1.0
161716.SZ,20180710,1.146,1.146,1.146,1.146,14.0,20180710,1.0
161716.SZ,20180709,1.144,1.144,1.144,1.144,6.0,20180709,1.0
161716.SZ,20180706,1.146,1.146,1.146,1.146,4.0,20180706,1.0
161716.SZ,20180613,1.14,1.147,1.14,1.144,10.0,20180613,1.0
161716.SZ,20180611,1.141,1.159,1.141,1.147,6.0,20180611,1.0
161716.SZ,20180601,1.16,1.16,1.159,1.159,15.0,20180601,1.0
161716.SZ,20180525,1.137,1.137,1.137,1.137,1.0,20180525,1.0
161716.SZ,20180518,1.132,1.132,1.132,1.132,18.0,20180518,1.0
161716.SZ,20180514,1.137,1.137,1.137,1.137,4.0,20180514,1.0
161716.SZ,20180511,1.14,1.143,1.14,1.143,14.0,20180511,1.0
161716.SZ,20180507,1.133,1.133,1.133,1.133,2.0,20180507,1.0
161716.SZ,20180504,1.136,1.136,1.136,1.136,1.0,20180504,1.0
161716.SZ,20180502,1.133,1.133,1.11,1.123,24.0,20180502,1.0
161716.SZ,20180427,1.136,1.136,1.136,1.136,4.0,20180427,1.0
161716.SZ,20180424,1.136,1.136,1.136,1.136,1.0,20180424,1.0
161716.SZ,20180418,1.136,1.136,1.136,1.136,4.0,20180418,1.0
161716.SZ,20180416,1.134,1.15,1.134,1.15,24.0,20180416,1.0
161716.SZ,20180413,1.13,1.13,1.13,1.13,10.0,20180413,1.0
161716.SZ,20180402,1.127,1.127,1.127,1.127,2.0,20180402,1.0
161716.SZ,20180329,1.127,1.127,1.127,1.127,7.0,20180329,1.0
161716.SZ,20180328,1.127,1.127,1.127,1.127,6.0,20180328,1.0
161716.SZ,20180313,1.12,1.12,1.12,1.12,4.0,20180313,1.0
161716.SZ,20180312,1.124,1.124,1.124,1.124,4.0,20180312,1.0
161716.SZ,20180228,1.121,1.121,1.121,1.121,4.0,20180228,1.0
161716.SZ,20180206,1.11,1.11,1.11,1.11,1.0,20180206,1.0
161716.SZ,20180117,1.107,1.107,1.107,1.107,113.84,20180117,1.0
161716.SZ,20180116,1.107,1.107,1.107,1.107,282.94,20180116,1.0
161716.SZ,20180111,1.106,1.106,1.106,1.106,153.0,20180111,1.0
161716.SZ,20180109,1.107,1.107,1.107,1.107,200.0,20180109,1.0
161716.SZ,20180108,1.106,1.106,1.106,1.106,241.0,20180108,1.0
161716.SZ,20180102,1.104,1.104,1.104,1.104,0.14,20180102,1.0
161716.SZ,20171228,1.102,1.102,1.102,1.102,1.0,20171228,1.0
161716.SZ,20171222,1.104,1.104,1.103,1.103,28.0,20171222,1.0
161716.SZ,20171219,1.107,1.107,1.107,1.107,4.0,20171219,1.0
161716.SZ,20171218,1.104,1.104,1.103,1.103,28.0,20171218,1.0
161716.SZ,20171212,1.104,1.104,1.103,1.103,43.0,20171212,1.0
161716.SZ,20171211,1.104,1.104,1.104,1.104,0.84,20171211,1.0
161716.SZ,20171208,1.12,1.12,1.103,1.116,166.84,20171208,1.0
161716.SZ,20171207,1.103,1.103,1.024,1.035,124.0,20171207,1.0
161716.SZ,20171127,1.106,1.106,1.106,1.106,114.0,20171127,1.0
161716.SZ,20171124,1.074,1.107,1.028,1.107,118.0,20171124,1.0
161716.SZ,20171121,1.108,1.108,1.108,1.108,323.94,20171121,1.0
161716.SZ,20171114,1.105,1.105,1.105,1.105,10.0,20171114,1.0
161716.SZ,20171110,1.106,1.109,1.106,1.109,12.0,20171110,1.0
161716.SZ,20171108,1.106,1.111,1.106,1.111,19.0,20171108,1.0
161716.SZ,20171103,1.111,1.111,1.111,1.111,10.0,20171103,1.0
161716.SZ,20171102,1.109,1.109,1.109,1.109,8.0,20171102,1.0
161716.SZ,20171027,1.108,1.108,1.108,1.108,121.57,20171027,1.0
161716.SZ,20171017,1.109,1.109,1.109,1.109,11.91,20171017,1.0
161716.SZ,20170918,1.104,1.104,1.103,1.103,467.99,20170918,1.0
161716.SZ,20170905,1.102,1.102,1.102,1.102,10.0,20170905,1.0
161716.SZ,20170904,1.101,1.101,1.101,1.101,18.0,20170904,1.0
161716.SZ,20170808,1.102,1.102,1.102,1.102,10.0,20170808,1.0
161716.SZ,20170803,1.101,1.101,1.1,1.101,8.0,20170803,1.0
161716.SZ,20170731,1.101,1.101,1.101,1.101,2.0,20170731,1.0
161716.SZ,20170724,1.1,1.1,1.1,1.1,4.0,20170724,1.0
161716.SZ,20170720,1.1,1.1,1.099,1.099,8.0,20170720,1.0
161716.SZ,20170717,1.099,1.099,1.099,1.099,69.0,20170717,1.0
161716.SZ,20170714,1.098,1.098,1.098,1.098,204.0,20170714,1.0
161716.SZ,20170712,1.097,1.097,1.096,1.096,132.0,20170712,1.0
161716.SZ,20170707,1.094,1.095,1.094,1.095,14.0,20170707,1.0
161716.SZ,20170703,1.094,1.094,1.094,1.094,31.0,20170703,1.0
161716.SZ,20170628,1.091,1.091,1.091,1.091,4.0,20170628,1.0
161716.SZ,20170627,1.09,1.09,1.09,1.09,21.67,20170627,1.0
161716.SZ,20170626,1.088,1.088,1.088,1.088,6.0,20170626,1.0
161716.SZ,20170623,1.089,1.093,1.089,1.09,371.0,20170623,1.0
161716.SZ,20170622,1.089,1.092,1.087,1.092,2769.0,20170622,1.0
161716.SZ,20170621,1.087,1.087,1.087,1.087,1.0,20170621,1.0
161716.SZ,20170620,1.086,1.086,1.086,1.086,1.0,20170620,1.0
161716.SZ,20170613,1.079,1.079,1.079,1.079,1.0,20170613,1.0
161716.SZ,20170601,1.077,1.077,1.077,1.077,9.0,20170601,1.0
161716.SZ,20170508,1.084,1.084,1.08,1.08,17.0,20170508,1.0
161716.SZ,20170505,1.082,1.082,1.081,1.081,102.0,20170505,1.0
161716.SZ,20170503,1.084,1.084,1.084,1.084,24.04,20170503,1.0
161716.SZ,20170427,1.084,1.084,1.084,1.084,1.0,20170427,1.0
161716.SZ,20170426,1.083,1.086,1.083,1.086,18.82,20170426,1.0
161716.SZ,20170420,1.087,1.087,1.082,1.084,167.93,20170420,1.0
161716.SZ,20170419,1.087,1.087,1.085,1.085,45.0,20170419,1.0
161716.SZ,20170414,1.091,1.091,1.086,1.087,10.14,20170414,1.0
161716.SZ,20170413,1.09,1.095,1.09,1.095,9.0,20170413,1.0
161716.SZ,20170411,1.089,1.089,1.089,1.089,15.0,20170411,1.0
161716.SZ,20170410,1.088,1.092,1.088,1.092,13.0,20170410,1.0
161716.SZ,20170330,1.086,1.086,1.086,1.086,10.0,20170330,1.0
161716.SZ,20170329,1.086,1.086,1.086,1.086,15.0,20170329,1.0
161716.SZ,20170328,1.086,1.086,1.085,1.085,6.0,20170328,1.0
161716.SZ,20170324,1.084,1.084,1.084,1.084,18.0,20170324,1.0
161716.SZ,20170322,1.084,1.084,1.084,1.084,9.0,20170322,1.0
161716.SZ,20170321,1.085,1.085,1.085,1.085,1.0,20170321,1.0
161716.SZ,20170320,1.086,1.086,1.085,1.085,48.0,20170320,1.0
161716.SZ,20170316,1.083,1.088,1.082,1.085,35.0,20170316,1.0
161716.SZ,20170315,1.084,1.084,1.084,1.084,1.0,20170315,1.0
161716.SZ,20170314,1.081,1.081,1.081,1.081,1.0,20170314,1.0
161716.SZ,20170309,1.081,1.083,1.081,1.083,35.0,20170309,1.0
161716.SZ,20170308,1.084,1.089,1.082,1.082,340.55,20170308,1.0
161716.SZ,20170306,1.083,1.083,1.081,1.083,154.91,20170306,1.0
161716.SZ,20170303,1.082,1.084,1.082,1.084,259.0,20170303,1.0
161716.SZ,20170302,1.084,1.084,1.079,1.081,1556.36,20170302,1.0
161716.SZ,20170301,1.087,1.087,1.084,1.084,334.0,20170301,1.0
161716.SZ,20170228,1.084,1.087,1.083,1.087,999.27,20170228,1.0
161716.SZ,20170227,1.095,1.157,1.09,1.091,685.64,20170227,1.0
161716.SZ,20170224,1.136,1.207,1.088,1.091,775.21,20170224,1.0
161716.SZ,20170223,1.111,1.196,1.111,1.121,205.0,20170223,1.0
161716.SZ,20170222,1.094,1.207,1.094,1.195,200.0,20170222,1.0
161716.SZ,20170221,1.204,1.207,1.078,1.205,224.0,20170221,1.0
161716.SZ,20170220,1.085,1.209,1.085,1.188,225.0,20170220,1.0
161716.SZ,20170217,1.088,1.198,1.088,1.099,212.0,20170217,1.0
161716.SZ,20170216,1.08,1.092,1.08,1.089,37.0,20170216,1.0
161716.SZ,20170215,1.08,1.088,1.08,1.088,30.0,20170215,1.0
161716.SZ,20170206,1.08,1.08,1.08,1.08,41.0,20170206,1.0
161716.SZ,20170106,1.08,1.08,1.08,1.08,41.0,20170106,1.0
161716.SZ,20170105,1.075,1.075,1.075,1.075,1.0,20170105,1.0
161716.SZ,20170104,1.079,1.079,1.079,1.079,1.0,20170104,1.0
161716.SZ,20161223,1.07,1.07,1.07,1.07,1.0,20161223,1.0
161716.SZ,20161220,1.07,1.07,1.07,1.07,5.0,20161220,1.0
161716.SZ,20161216,1.068,1.068,1.068,1.068,1.0,20161216,1.0
161716.SZ,20161214,1.087,1.087,1.077,1.077,10.0,20161214,1.0
161716.SZ,20161212,1.078,1.078,1.076,1.076,12.0,20161212,1.0
161716.SZ,20161209,1.079,1.08,1.074,1.078,44.0,20161209,1.0
161716.SZ,20161208,1.08,1.081,1.08,1.08,75.0,20161208,1.0
161716.SZ,20161130,1.088,1.088,1.088,1.088,1.0,20161130,1.0
161716.SZ,20161128,1.087,1.087,1.086,1.086,23.0,20161128,1.0
161716.SZ,20161118,1.089,1.089,1.089,1.089,3.0,20161118,1.0
161716.SZ,20161115,1.104,1.104,1.094,1.096,77.0,20161115,1.0
161716.SZ,20161109,1.107,1.107,1.103,1.103,8.0,20161109,1.0
161716.SZ,20161108,1.106,1.106,1.106,1.106,3.0,20161108,1.0
161716.SZ,20161102,1.109,1.109,1.104,1.104,6.0,20161102,1.0
161716.SZ,20161101,1.109,1.121,1.109,1.121,31.0,20161101,1.0
161716.SZ,20161031,1.094,1.1,1.094,1.097,5.0,20161031,1.0
161716.SZ,20161028,1.116,1.116,1.116,1.116,1.0,20161028,1.0
161716.SZ,20161019,1.104,1.104,1.104,1.104,10.0,20161019,1.0
161716.SZ,20161018,1.102,1.102,1.102,1.102,30.0,20161018,1.0
161716.SZ,20161017,1.103,1.105,1.103,1.105,2.0,20161017,1.0
161716.SZ,20161012,1.118,1.118,1.104,1.104,54.0,20161012,1.0
161716.SZ,20161011,1.105,1.106,1.105,1.105,11.0,20161011,1.0
161716.SZ,20161010,1.107,1.107,1.101,1.105,10.0,20161010,1.0
161716.SZ,20160929,1.096,1.098,1.096,1.098,6.0,20160929,1.0
161716.SZ,20160928,1.095,1.098,1.095,1.098,10.0,20160928,1.0
161716.SZ,20160927,1.094,1.096,1.094,1.095,2.0,20160927,1.0
161716.SZ,20160923,1.094,1.094,1.094,1.094,10.0,20160923,1.0
161716.SZ,20160922,1.118,1.118,1.093,1.093,8.0,20160922,1.0
161716.SZ,20160921,1.102,1.106,1.102,1.106,7.0,20160921,1.0
161716.SZ,20160920,1.103,1.103,1.103,1.103,7.0,20160920,1.0
161716.SZ,20160919,1.098,1.109,1.098,1.109,8.0,20160919,1.0
161716.SZ,20160914,1.089,1.098,1.089,1.098,3.0,20160914,1.0
161716.SZ,20160913,1.108,1.109,1.108,1.109,15.0,20160913,1.0
161716.SZ,20160912,1.12,1.12,1.115,1.115,35.0,20160912,1.0
161716.SZ,20160909,1.089,1.089,1.089,1.089,7.0,20160909,1.0
161716.SZ,20160908,1.12,1.12,1.1,1.1,128.57,20160908,1.0
161716.SZ,20160907,1.089,1.089,1.089,1.089,7.0,20160907,1.0
161716.SZ,20160906,1.12,1.12,1.109,1.109,39.0,20160906,1.0
161716.SZ,20160905,1.087,1.087,1.087,1.087,7.0,20160905,1.0
161716.SZ,20160902,1.085,1.122,1.085,1.097,209.0,20160902,1.0
161716.SZ,20160901,1.091,1.125,1.091,1.125,100.0,20160901,1.0
161716.SZ,20160831,1.089,1.12,1.089,1.12,12.0,20160831,1.0
161716.SZ,20160830,1.081,1.121,1.081,1.121,13.0,20160830,1.0
161716.SZ,20160829,1.112,1.112,1.097,1.097,11.0,20160829,1.0
161716.SZ,20160823,1.099,1.099,1.099,1.099,8.0,20160823,1.0
161716.SZ,20160822,1.11,1.11,1.11,1.11,7.0,20160822,1.0
161716.SZ,20160819,1.09,1.09,1.09,1.09,1.0,20160819,1.0
161716.SZ,20160817,1.096,1.096,1.096,1.096,8.0,20160817,1.0
161716.SZ,20160816,1.1,1.1,1.1,1.1,61.0,20160816,1.0
161716.SZ,20160815,1.104,1.104,1.1,1.1,101.0,20160815,1.0
161716.SZ,20160812,1.08,1.08,1.08,1.08,209.0,20160812,1.0
161716.SZ,20160809,1.08,1.08,1.08,1.08,2.0,20160809,1.0
161716.SZ,20160805,1.078,1.1,1.078,1.1,74.0,20160805,1.0
161716.SZ,20160804,1.076,1.076,1.076,1.076,0.01,20160804,1.0
161716.SZ,20160803,1.11,1.11,1.11,1.11,209.0,20160803,1.0
161716.SZ,20160726,1.08,1.08,1.08,1.08,9.0,20160726,1.0
161716.SZ,20160722,1.08,1.08,1.08,1.08,1.0,20160722,1.0
161716.SZ,20160707,1.07,1.099,1.07,1.08,976.0,20160707,1.0
161716.SZ,20160706,1.065,1.065,1.065,1.065,193.08,20160706,1.0
161716.SZ,20160701,1.064,1.065,1.064,1.065,447.99,20160701,1.0
161716.SZ,20160630,1.061,1.062,1.061,1.062,193.08,20160630,1.0
161716.SZ,20160628,1.06,1.06,1.06,1.06,512.09,20160628,1.0
161716.SZ,20160621,1.055,1.055,1.055,1.055,121.99,20160621,1.0
161716.SZ,20160620,1.057,1.057,1.053,1.053,821.0,20160620,1.0
161716.SZ,20160617,1.053,1.054,1.05,1.054,207.0,20160617,1.0
161716.SZ,20160613,1.049,1.049,1.049,1.049,4.0,20160613,1.0
161716.SZ,20160608,1.052,1.055,1.052,1.055,107.99,20160608,1.0
161716.SZ,20160606,1.05,1.05,1.05,1.05,9.0,20160606,1.0
161716.SZ,20160530,1.048,1.049,1.048,1.049,440.0,20160530,1.0
161716.SZ,20160527,1.01,1.01,1.01,1.01,40.0,20160527,1.0
161716.SZ,20160526,1.053,1.053,1.053,1.053,17.0,20160526,1.0
161716.SZ,20160518,1.046,1.046,1.046,1.046,1.0,20160518,1.0
161716.SZ,20160512,1.046,1.046,1.046,1.046,10.0,20160512,1.0
161716.SZ,20160509,1.055,1.055,1.055,1.055,50.0,20160509,1.0
161716.SZ,20160426,1.038,1.038,1.038,1.038,100.0,20160426,1.0
161716.SZ,20160425,1.04,1.04,1.039,1.039,3.0,20160425,1.0
161716.SZ,20160421,1.043,1.043,1.043,1.043,72.0,20160421,1.0
161716.SZ,20160420,1.046,1.046,1.046,1.046,118.0,20160420,1.0
161716.SZ,20160419,1.046,1.046,1.046,1.046,1.0,20160419,1.0
161716.SZ,20160415,1.044,1.044,1.044,1.044,60.0,20160415,1.0
161716.SZ,20160414,1.05,1.05,1.047,1.047,216.77,20160414,1.0
161716.SZ,20160413,1.048,1.055,1.045,1.055,201.0,20160413,1.0
161716.SZ,20160406,1.053,1.053,1.053,1.053,2.0,20160406,1.0
161716.SZ,20160405,1.052,1.069,1.052,1.069,3.0,20160405,1.0
161716.SZ,20160331,1.051,1.051,1.051,1.051,65.0,20160331,1.0
161716.SZ,20160328,1.051,1.051,1.051,1.051,99.81,20160328,1.0
161716.SZ,20160324,1.051,1.051,1.051,1.051,18.0,20160324,1.0
161716.SZ,20160323,1.059,1.059,1.053,1.059,165.81,20160323,1.0
161716.SZ,20160322,1.06,1.06,1.047,1.059,276.27,20160322,1.0
161716.SZ,20160321,1.049,1.062,1.049,1.062,118.0,20160321,1.0
161716.SZ,20160318,1.044,1.098,1.044,1.085,244.0,20160318,1.0
161716.SZ,20160317,1.043,1.05,1.043,1.05,118.27,20160317,1.0
161716.SZ,20160316,1.043,1.043,1.043,1.043,2.0,20160316,1.0
161716.SZ,20160315,1.042,1.069,1.042,1.069,101.77,20160315,1.0
161716.SZ,20160314,1.049,1.049,1.043,1.043,37.0,20160314,1.0
161716.SZ,20160311,1.048,1.048,1.048,1.048,50.0,20160311,1.0
161716.SZ,20160309,1.042,1.042,1.042,1.042,50.0,20160309,1.0
161716.SZ,20160307,1.032,1.032,1.032,1.032,33.0,20160307,1.0
161716.SZ,20160304,1.032,1.033,1.032,1.033,69.0,20160304,1.0
161716.SZ,20160303,1.108,1.108,1.039,1.039,9.0,20160303,1.0
161716.SZ,20160223,1.03,1.035,1.03,1.033,2.0,20160223,1.0
161716.SZ,20160222,1.036,1.036,1.036,1.036,50.0,20160222,1.0
161716.SZ,20160219,1.032,1.035,1.032,1.035,429.44,20160219,1.0
161716.SZ,20160218,1.031,1.032,1.031,1.031,160.0,20160218,1.0
161716.SZ,20160217,1.028,1.028,1.028,1.028,40.0,20160217,1.0
