code,date,open,close,high,low,swing,volume
HKTECH,20220923,3652.48,3589.63,3668.02,3589.52,2.14,
HKTECH,20220922,3626.1,3673.8,3682.8,3606.66,2.04,
HKTECH,20220921,3815.11,3737.32,3815.11,3733.82,2.11,
HKTECH,20220920,3829.1,3853.98,3884.82,3829.1,1.47,
HKTECH,20220919,3828.01,3778.77,3828.01,3760.2,1.76,
HKTECH,20220916,3911.31,3858.46,3937.29,3858.17,2.0,
HKTECH,20220915,3939.94,3963.31,3980.81,3935.0,1.16,
HKTECH,20220914,3965.24,3953.37,3982.4,3934.36,1.18,
HKTECH,20220913,4104.6,4069.29,4111.11,4060.35,1.24,
HKTECH,20220909,3979.51,4077.32,4090.94,3968.79,3.07,
HKTECH,20220908,4031.91,3974.05,4056.71,3958.82,2.44,
HKTECH,20220907,3988.26,4014.01,4029.55,3957.09,1.78,
HKTECH,20220906,4081.27,4066.83,4101.6,4019.75,2.01,
HKTECH,20220905,4089.62,4063.91,4089.62,4025.95,1.54,
HKTECH,20220902,4204.34,4143.53,4230.45,4116.74,2.7,
HKTECH,20220901,4232.42,4204.03,4289.51,4179.99,2.56,
HKTECH,20220831,4123.27,4273.68,4354.36,4123.27,5.47,
HKTECH,20220830,4259.3,4227.43,4259.3,4123.69,3.19,
HKTECH,20220829,4249.02,4249.17,4275.15,4212.69,1.45,
HKTECH,20220826,4350.33,4302.17,4357.65,4272.64,1.99,
HKTECH,20220825,4072.77,4268.54,4279.61,4072.77,5.14,
HKTECH,20220824,4145.94,4026.45,4148.08,4012.51,3.27,
HKTECH,20220823,4151.34,4141.04,4182.1,4101.66,1.94,
HKTECH,20220822,4133.36,4152.04,4196.68,4125.73,1.69,
HKTECH,20220819,4155.54,4192.31,4242.34,4154.62,2.09,
HKTECH,20220818,4249.91,4192.64,4249.91,4165.24,2.0,
HKTECH,20220817,4262.89,4238.9,4281.12,4186.66,2.24,
HKTECH,20220816,4339.33,4221.03,4352.06,4160.45,4.45,
HKTECH,20220815,4310.36,4308.31,4394.62,4300.07,2.17,
HKTECH,20220812,4357.47,4350.07,4365.12,4302.65,1.44,
HKTECH,20220811,4244.46,4326.85,4326.85,4233.19,2.24,
HKTECH,20220810,4281.78,4173.77,4281.78,4130.75,3.52,
HKTECH,20220809,4326.54,4295.24,4371.16,4264.81,2.45,
HKTECH,20220808,4354.26,4335.54,4389.16,4310.69,1.78,
HKTECH,20220805,4429.22,4415.86,4429.4,4367.79,1.41,
HKTECH,20220804,4341.78,4381.12,4390.28,4315.11,1.77,
HKTECH,20220803,4269.76,4246.13,4313.24,4219.65,2.23,
HKTECH,20220802,4242.0,4194.04,4242.0,4119.96,2.82,
HKTECH,20220801,4303.36,4324.03,4356.91,4246.86,2.54,
HKTECH,20220729,4561.53,4331.19,4562.62,4297.33,5.83,
HKTECH,20220728,4558.05,4552.54,4600.49,4539.93,1.33,
HKTECH,20220727,4527.1,4536.62,4569.2,4510.62,1.27,
HKTECH,20220726,4558.8,4596.34,4614.74,4529.18,1.89,
HKTECH,20220725,4562.04,4534.34,4565.21,4479.99,1.85,
HKTECH,20220722,4640.0,4597.64,4664.23,4565.87,2.15,
HKTECH,20220721,4567.56,4582.36,4633.87,4548.39,1.87,
HKTECH,20220720,4599.84,4576.86,4633.07,4575.24,1.28,
HKTECH,20220719,4544.06,4506.74,4567.0,4478.91,1.93,
HKTECH,20220718,4454.81,4574.4,4585.37,4391.29,4.37,
HKTECH,20220715,4507.4,4440.11,4557.25,4422.41,2.94,
HKTECH,20220714,4564.58,4587.73,4638.63,4531.42,2.36,
HKTECH,20220713,4558.24,4547.1,4630.52,4533.67,2.14,
HKTECH,20220712,4546.39,4524.11,4599.99,4492.28,2.33,
HKTECH,20220711,4736.94,4622.92,4736.94,4588.58,3.09,
HKTECH,20220708,4868.37,4808.47,4882.92,4778.4,2.19,
HKTECH,20220707,4720.86,4780.04,4796.04,4643.87,3.17,
HKTECH,20220706,4868.24,4801.75,4904.78,4703.9,4.13,
HKTECH,20220705,4959.25,4861.4,4991.98,4841.57,3.08,
HKTECH,20220704,4851.48,4884.18,4905.18,4787.33,2.42,
HKTECH,20220630,4903.15,4870.3,4964.36,4810.34,3.12,
HKTECH,20220629,4987.51,4937.23,5066.63,4876.22,3.73,
HKTECH,20220628,5027.5,5103.89,5137.77,4924.22,4.21,
HKTECH,20220627,4906.36,5072.89,5128.06,4906.36,4.58,
HKTECH,20220624,4724.53,4844.58,4864.47,4720.23,3.1,
HKTECH,20220623,4608.18,4655.91,4692.79,4553.88,3.05,
HKTECH,20220622,4737.49,4552.33,4756.0,4552.33,4.28,
HKTECH,20220621,4677.1,4760.14,4766.03,4632.11,2.88,
HKTECH,20220620,4625.93,4657.37,4673.01,4537.66,2.91,
HKTECH,20220617,4493.71,4653.36,4671.36,4492.68,3.93,
HKTECH,20220616,4764.45,4547.22,4781.43,4503.3,5.91,
HKTECH,20220615,4653.61,4703.72,4744.38,4653.61,1.98,
HKTECH,20220614,4504.59,4595.74,4650.08,4468.36,3.95,
HKTECH,20220613,4630.92,4598.65,4721.65,4575.93,3.02,
HKTECH,20220610,4628.2,4826.42,4843.17,4604.66,5.02,
HKTECH,20220609,4883.67,4749.57,4903.9,4683.01,4.58,
HKTECH,20220608,4697.41,4818.36,4831.14,4696.69,2.92,
HKTECH,20220607,4579.5,4599.48,4672.38,4531.98,3.05,
HKTECH,20220606,4471.36,4601.95,4619.65,4420.2,4.54,
HKTECH,20220602,4355.9,4397.74,4421.73,4327.89,2.12,
HKTECH,20220601,4456.29,4433.38,4485.75,4373.37,2.51,
HKTECH,20220531,4350.57,4483.6,4505.18,4325.26,4.13,
HKTECH,20220530,4257.67,4352.02,4352.02,4250.95,2.41,
HKTECH,20220527,4213.23,4186.95,4232.66,4135.35,2.41,
HKTECH,20220526,4063.05,4033.79,4063.05,3961.26,2.52,
HKTECH,20220525,4015.37,4043.69,4090.63,3992.21,2.44,
HKTECH,20220524,4140.7,4032.34,4194.97,4001.61,4.63,
HKTECH,20220523,4243.12,4177.65,4264.23,4142.39,2.84,
HKTECH,20220520,4220.73,4284.42,4304.95,4201.8,2.52,
HKTECH,20220519,4077.38,4090.72,4143.75,4043.16,2.36,
HKTECH,20220518,4265.55,4260.37,4286.74,4173.91,2.64,
HKTECH,20220517,4130.09,4272.95,4287.7,4121.4,4.12,
HKTECH,20220516,4134.58,4039.36,4158.94,3997.25,4.0,
HKTECH,20220513,3952.22,4038.97,4046.42,3949.0,2.52,
HKTECH,20220512,3917.92,3864.95,3995.37,3854.92,3.49,
HKTECH,20220511,3872.67,4019.28,4141.88,3864.22,7.11,
HKTECH,20220510,3796.93,3906.43,3946.26,3755.89,4.72,
HKTECH,20220506,4098.85,4036.26,4114.23,4023.01,2.14,
HKTECH,20220505,4353.86,4258.88,4382.82,4251.05,3.09,
HKTECH,20220504,4370.05,4264.91,4375.4,4239.39,3.08,
HKTECH,20220503,4379.76,4409.93,4489.5,4266.7,4.98,
HKTECH,20220429,4053.99,4471.75,4515.73,4032.58,11.88,
HKTECH,20220428,4041.69,4066.89,4073.87,3960.94,2.84,
HKTECH,20220427,3865.45,3981.14,4010.34,3846.9,4.17,
HKTECH,20220426,3884.85,3915.27,4028.24,3884.85,3.77,
HKTECH,20220425,3885.68,3806.19,3927.52,3780.07,3.69,
HKTECH,20220422,3864.43,4001.08,4026.73,3847.02,4.5,
HKTECH,20220421,4054.04,3990.08,4088.92,3946.62,3.44,
HKTECH,20220420,4149.6,4134.04,4227.24,4121.28,2.55,
HKTECH,20220419,4215.98,4156.42,4247.04,4140.37,2.47,
HKTECH,20220414,4314.95,4320.1,4344.74,4276.52,1.6,
HKTECH,20220413,4213.07,4268.91,4317.42,4186.76,3.07,
HKTECH,20220412,4246.92,4249.59,4315.06,4119.72,4.66,
HKTECH,20220411,4365.71,4191.03,4365.71,4169.65,4.43,
HKTECH,20220408,4419.93,4422.74,4448.93,4338.98,2.46,
HKTECH,20220407,4519.06,4474.13,4652.87,4470.85,3.97,
HKTECH,20220406,4638.08,4587.73,4648.96,4568.08,1.7,
HKTECH,20220404,4606.19,4769.99,4773.69,4606.19,3.7,
HKTECH,20220401,4420.86,4524.25,4524.25,4379.43,3.18,
HKTECH,20220331,4645.45,4557.99,4645.45,4514.61,2.83,
HKTECH,20220330,4685.52,4622.57,4713.32,4578.03,2.94,
HKTECH,20220329,4537.06,4607.09,4611.37,4520.1,2.03,
HKTECH,20220328,4380.77,4494.01,4550.83,4301.62,5.69,
HKTECH,20220325,4550.94,4379.33,4634.92,4333.99,6.53,
HKTECH,20220324,4722.12,4609.02,4752.7,4581.33,3.61,
HKTECH,20220323,4753.59,4749.12,4883.76,4710.96,3.71,
HKTECH,20220322,4440.63,4653.7,4660.39,4423.63,5.36,
HKTECH,20220321,4631.51,4416.33,4631.51,4370.11,5.83,
HKTECH,20220318,4442.71,4484.93,4547.76,4300.88,5.4,
HKTECH,20220317,4705.18,4572.79,4735.01,4405.93,7.76,
HKTECH,20220316,3689.86,4243.39,4247.54,3608.91,18.39,
HKTECH,20220315,3569.09,3472.42,3841.87,3463.44,10.02,
HKTECH,20220314,4073.27,3778.6,4073.27,3749.9,7.61,
HKTECH,20220311,4229.75,4246.97,4320.2,4040.32,6.31,
HKTECH,20220310,4553.79,4436.65,4586.42,4385.19,4.58,
HKTECH,20220309,4431.96,4393.91,4471.21,4233.0,5.44,
HKTECH,20220308,4515.12,4382.32,4579.12,4367.79,4.67,
HKTECH,20220307,4568.66,4527.83,4613.66,4455.17,3.35,
HKTECH,20220304,4763.47,4737.93,4803.8,4718.51,1.72,
HKTECH,20220303,5025.97,4957.61,5052.16,4933.19,2.37,
HKTECH,20220302,5131.28,5015.74,5162.07,5007.11,3.01,
HKTECH,20220301,5136.66,5155.69,5190.18,5100.91,1.74,
HKTECH,20220228,5134.83,5118.02,5144.02,5028.61,2.26,
HKTECH,20220225,5157.11,5112.62,5209.67,5107.35,2.02,
HKTECH,20220224,5163.46,5069.79,5210.72,5015.99,3.67,
HKTECH,20220223,5234.98,5299.24,5325.61,5200.68,2.39,
HKTECH,20220222,5207.5,5226.7,5269.3,5160.34,2.05,
HKTECH,20220221,5395.85,5327.44,5459.28,5298.32,2.94,
HKTECH,20220218,5611.48,5479.9,5664.61,5446.92,3.84,
HKTECH,20220217,5608.52,5662.28,5676.45,5576.31,1.78,
HKTECH,20220216,5597.02,5616.38,5626.48,5572.77,0.98,
HKTECH,20220215,5464.63,5490.28,5549.66,5460.1,1.63,
HKTECH,20220214,5499.94,5502.18,5536.33,5451.81,1.51,
HKTECH,20220211,5619.98,5597.05,5665.52,5536.2,2.28,
HKTECH,20220210,5721.07,5666.99,5726.59,5579.84,2.6,
HKTECH,20220209,5559.83,5635.5,5648.36,5559.83,1.63,
HKTECH,20220208,5497.32,5436.92,5503.4,5387.09,2.1,
HKTECH,20220207,5583.0,5529.51,5591.34,5451.68,2.5,
HKTECH,20220204,5555.18,5581.63,5591.66,5463.49,2.37,
HKTECH,20220131,5332.84,5416.29,5450.47,5304.62,2.76,
HKTECH,20220128,5360.71,5291.7,5373.83,5228.19,2.71,
HKTECH,20220127,5471.5,5383.63,5485.77,5322.15,2.92,
HKTECH,20220126,5581.67,5597.03,5665.59,5526.26,2.51,
HKTECH,20220125,5592.17,5552.68,5638.12,5490.94,2.58,
HKTECH,20220124,5749.7,5703.63,5760.65,5688.93,1.22,
HKTECH,20220121,5840.58,5870.57,5908.29,5789.56,2.01,
HKTECH,20220120,5692.56,5896.71,5902.63,5652.66,4.43,
HKTECH,20220119,5716.16,5642.91,5750.48,5612.36,2.42,
HKTECH,20220118,5749.82,5698.54,5834.81,5677.01,2.76,
HKTECH,20220117,5752.41,5724.5,5778.48,5678.19,1.74,
HKTECH,20220114,5649.35,5769.05,5769.05,5606.3,2.81,
HKTECH,20220113,5920.51,5796.78,5923.45,5750.24,2.94,
HKTECH,20220112,5750.01,5899.82,5902.24,5750.01,2.71,
HKTECH,20220111,5597.18,5619.67,5664.76,5564.64,1.78,
HKTECH,20220110,5499.95,5625.5,5643.25,5460.7,3.32,
HKTECH,20220107,5470.06,5503.91,5517.49,5399.22,2.19,
HKTECH,20220106,5285.43,5396.65,5410.44,5230.94,3.37,
HKTECH,20220105,5501.75,5323.47,5505.46,5306.25,3.57,
HKTECH,20220104,5665.89,5581.9,5678.69,5550.56,2.27,
HKTECH,20220103,5704.38,5640.47,5741.8,5609.79,2.33,
HKTECH,20211231,5693.66,5670.96,5723.5,5668.34,1.01,
HKTECH,20211230,5470.58,5475.7,5534.31,5427.94,1.94,
HKTECH,20211229,5559.33,5471.87,5559.8,5455.47,1.87,
HKTECH,20211228,5635.13,5569.42,5660.66,5528.96,2.34,
HKTECH,20211224,5692.18,5619.39,5693.69,5614.74,1.4,
HKTECH,20211223,5667.56,5638.31,5708.37,5589.86,2.08,
HKTECH,20211222,5729.24,5685.29,5750.26,5632.31,2.1,
HKTECH,20211221,5467.21,5612.69,5656.57,5456.11,3.65,
HKTECH,20211220,5644.12,5498.49,5687.6,5474.31,3.75,
HKTECH,20211217,5775.4,5680.47,5775.4,5662.9,1.93,
HKTECH,20211216,5743.2,5822.14,5834.93,5681.4,2.65,
HKTECH,20211215,5863.61,5795.44,5904.96,5757.09,2.51,
HKTECH,20211214,5938.33,5884.82,5979.35,5863.06,1.93,
HKTECH,20211213,6089.33,6022.23,6160.95,6019.73,2.34,
HKTECH,20211210,6058.03,6035.23,6122.97,6004.99,1.93,
HKTECH,20211209,6024.76,6103.16,6118.93,6024.76,1.58,
HKTECH,20211208,5999.53,5970.23,6018.52,5950.8,1.13,
HKTECH,20211207,5846.18,5968.5,5968.5,5796.26,3.01,
HKTECH,20211206,5773.63,5727.49,5835.55,5710.19,2.12,
HKTECH,20211203,5948.62,5925.52,5948.62,5855.73,1.54,
HKTECH,20211202,5986.14,6017.56,6044.63,5961.03,1.38,
HKTECH,20211201,6036.58,6058.8,6117.35,6011.06,1.76,
HKTECH,20211130,6076.79,6028.63,6127.12,5922.26,3.36,
HKTECH,20211129,6098.72,6099.35,6221.93,6071.83,2.44,
HKTECH,20211126,6292.96,6151.99,6292.96,6149.86,2.25,
HKTECH,20211125,6302.97,6358.54,6370.38,6267.05,1.64,
HKTECH,20211124,6317.25,6292.16,6369.53,6269.61,1.58,
HKTECH,20211123,6315.78,6323.48,6340.53,6281.36,0.92,
HKTECH,20211122,6456.97,6410.89,6460.13,6380.03,1.24,
HKTECH,20211119,6371.12,6457.97,6457.97,6341.95,1.79,
HKTECH,20211118,6546.19,6474.55,6546.75,6448.35,1.47,
HKTECH,20211117,6672.32,6672.28,6683.52,6601.91,1.22,
HKTECH,20211116,6612.39,6712.31,6724.95,6588.83,2.06,
HKTECH,20211115,6603.57,6601.15,6642.87,6564.11,1.2,
HKTECH,20211112,6576.31,6565.53,6604.1,6495.25,1.68,
HKTECH,20211111,6281.34,6464.53,6504.59,6272.93,3.65,
HKTECH,20211110,6209.09,6349.94,6355.5,6152.22,3.27,
HKTECH,20211109,6240.55,6221.85,6260.78,6151.64,1.76,
HKTECH,20211108,6238.31,6193.98,6239.69,6164.09,1.2,
HKTECH,20211105,6295.68,6276.52,6353.68,6244.66,1.71,
HKTECH,20211104,6322.65,6375.32,6383.19,6313.69,1.11,
HKTECH,20211103,6309.58,6273.44,6343.64,6189.94,2.43,
HKTECH,20211102,6463.03,6314.31,6532.05,6287.79,3.89,
HKTECH,20211101,6339.81,6279.39,6339.81,6236.14,1.63,
HKTECH,20211029,6424.23,6375.85,6442.69,6362.01,1.25,
HKTECH,20211028,6484.06,6445.17,6540.83,6409.0,2.05,
HKTECH,20211027,6532.77,6441.62,6532.77,6395.62,2.06,
HKTECH,20211026,6749.35,6654.19,6770.79,6616.45,2.29,
HKTECH,20211025,6722.5,6744.74,6794.8,6685.84,1.61,
HKTECH,20211022,6673.86,6754.34,6784.89,6666.01,1.79,
HKTECH,20211021,6704.99,6636.18,6713.93,6555.14,2.37,
HKTECH,20211020,6612.97,6691.33,6735.2,6612.94,1.88,
HKTECH,20211019,6349.32,6518.59,6521.01,6334.29,2.95,
HKTECH,20211018,6346.49,6324.27,6346.49,6206.04,2.22,
HKTECH,20211015,6282.22,6318.91,6318.91,6223.04,1.55,
HKTECH,20211012,6270.39,6199.75,6317.78,6179.36,2.16,
HKTECH,20211011,6303.67,6403.69,6448.16,6303.67,2.33,
HKTECH,20211008,6301.87,6206.77,6301.87,6134.75,2.71,
HKTECH,20211007,5987.7,6172.04,6189.27,5975.23,3.65,
HKTECH,20211006,5998.92,5866.15,6009.03,5855.22,2.58,
HKTECH,20211005,5852.97,5955.22,5970.05,5824.6,2.43,
HKTECH,20211004,6054.19,5973.8,6071.09,5936.81,2.2,
HKTECH,20210930,6057.5,6101.52,6146.34,6035.75,1.79,
HKTECH,20210929,6111.29,6179.43,6179.43,6016.25,2.62,
HKTECH,20210928,6150.98,6231.55,6272.47,6129.13,2.35,
HKTECH,20210927,6148.61,6103.89,6236.89,6078.66,2.57,
HKTECH,20210924,6289.86,6159.96,6317.54,6129.89,2.98,
HKTECH,20210923,6369.07,6300.49,6440.99,6247.32,3.1,
HKTECH,20210921,6147.52,6242.61,6272.61,6124.65,2.36,
HKTECH,20210920,6379.63,6271.37,6379.63,6156.93,3.45,
HKTECH,20210917,6240.24,6452.19,6462.64,6214.06,3.99,
HKTECH,20210916,6303.82,6232.93,6342.91,6161.18,2.89,
HKTECH,20210915,6425.22,6298.09,6433.48,6282.82,2.32,
HKTECH,20210914,6621.27,6502.35,6631.16,6457.14,2.64,
HKTECH,20210913,6648.44,6595.03,6648.44,6498.6,2.22,
HKTECH,20210910,6618.74,6748.36,6749.6,6618.74,1.99,
HKTECH,20210909,6732.15,6560.39,6740.81,6545.34,2.84,
HKTECH,20210908,6930.72,6871.28,6958.01,6807.11,2.19,
HKTECH,20210907,6814.06,6887.94,6933.33,6812.59,1.78,
HKTECH,20210906,6687.53,6778.49,6780.16,6669.47,1.65,
HKTECH,20210903,6778.13,6728.84,6778.13,6669.79,1.59,
HKTECH,20210902,6824.57,6801.47,6907.8,6747.02,2.4,
HKTECH,20210901,6633.47,6693.66,6759.26,6584.32,2.65,
HKTECH,20210831,6401.96,6607.78,6607.78,6297.45,4.86,
HKTECH,20210830,6327.87,6391.17,6416.95,6287.59,2.05,
HKTECH,20210827,6336.68,6322.28,6460.35,6282.02,2.81,
HKTECH,20210826,6492.16,6337.03,6492.16,6268.7,3.46,
HKTECH,20210825,6609.64,6458.97,6671.2,6410.07,4.05,
HKTECH,20210824,6171.4,6446.18,6446.18,6171.01,4.57,
HKTECH,20210823,6010.78,6021.27,6158.63,5990.78,2.85,
HKTECH,20210820,6020.96,5895.06,6021.9,5769.65,4.17,
HKTECH,20210819,6209.67,6044.03,6259.03,6012.44,3.96,
HKTECH,20210818,6242.54,6226.69,6298.71,6193.32,1.69,
HKTECH,20210817,6367.53,6218.89,6393.18,6180.97,3.31,
HKTECH,20210816,6562.4,6420.14,6562.4,6389.74,2.62,
HKTECH,20210813,6634.41,6589.54,6669.37,6531.95,2.05,
HKTECH,20210812,6804.51,6719.19,6825.77,6680.94,2.12,
HKTECH,20210811,6798.28,6820.68,6884.37,6764.44,1.76,
HKTECH,20210810,6773.14,6830.15,6837.15,6682.62,2.32,
HKTECH,20210809,6609.65,6664.91,6749.9,6558.23,2.86,
HKTECH,20210806,6755.31,6697.1,6755.31,6644.74,1.65,
HKTECH,20210805,6835.52,6715.33,6914.53,6680.42,3.41,
HKTECH,20210804,6645.89,6859.4,6932.31,6610.04,4.81,
HKTECH,20210803,6838.76,6696.66,6838.76,6557.67,4.14,
HKTECH,20210802,6791.01,6796.25,6821.6,6672.2,2.2,
HKTECH,20210730,6824.84,6780.97,6824.84,6614.99,3.02,
HKTECH,20210729,6827.16,6958.77,6958.77,6736.9,3.44,
HKTECH,20210728,6397.65,6443.31,6493.05,6204.56,4.62,
HKTECH,20210727,6667.97,6249.65,6773.97,6118.1,9.66,
HKTECH,20210726,7038.32,6790.96,7038.32,6752.62,3.93,
HKTECH,20210723,7495.42,7268.14,7495.42,7233.42,3.5,
HKTECH,20210722,7417.24,7490.13,7490.13,7405.44,1.16,
HKTECH,20210721,7380.33,7327.7,7404.26,7277.52,1.73,
HKTECH,20210720,7403.79,7337.55,7465.83,7274.06,2.58,
HKTECH,20210719,7509.75,7431.99,7511.47,7408.19,1.36,
HKTECH,20210716,7639.31,7614.35,7675.81,7583.68,1.2,
HKTECH,20210715,7670.52,7661.25,7705.1,7634.88,0.92,
HKTECH,20210714,7677.74,7667.56,7706.21,7642.65,0.83,
HKTECH,20210713,7554.72,7659.59,7721.17,7524.66,2.62,
HKTECH,20210712,7520.26,7514.15,7555.22,7410.21,1.95,
HKTECH,20210709,7295.5,7429.49,7450.48,7152.11,4.08,
HKTECH,20210708,7548.54,7321.98,7559.8,7301.85,3.39,
HKTECH,20210707,7555.25,7603.77,7608.42,7499.8,1.42,
HKTECH,20210706,7700.96,7646.94,7709.41,7570.7,1.8,
HKTECH,20210705,7832.43,7712.19,7842.1,7665.73,2.23,
HKTECH,20210702,8137.63,7892.4,8137.63,7856.77,3.44,
HKTECH,20210630,8249.78,8155.37,8260.28,8145.77,1.4,
HKTECH,20210629,8299.52,8201.05,8330.92,8168.09,1.97,
HKTECH,20210628,8284.5,8276.63,8316.61,8231.2,1.04,
HKTECH,20210625,8105.22,8235.63,8243.81,8095.3,1.85,
HKTECH,20210624,8045.78,8039.76,8080.01,8004.0,0.95,
HKTECH,20210623,7868.36,8020.23,8030.9,7836.94,2.48,
HKTECH,20210622,7961.52,7812.23,7961.52,7808.26,1.93,
HKTECH,20210621,7955.06,7955.95,7992.79,7885.41,1.34,
HKTECH,20210618,7991.03,8041.45,8075.46,7973.41,1.29,
HKTECH,20210617,7776.48,7901.52,7901.52,7747.45,1.97,
HKTECH,20210616,7922.42,7830.67,7931.53,7816.77,1.44,
HKTECH,20210615,8036.32,7961.02,8038.7,7850.64,2.35,
HKTECH,20210611,8017.11,7991.12,8065.26,7958.83,1.34,
HKTECH,20210610,7991.27,7969.17,8048.2,7933.71,1.44,
HKTECH,20210609,7970.55,7972.09,8009.22,7926.25,1.04,
HKTECH,20210608,8079.96,7981.01,8100.21,7935.76,2.04,
HKTECH,20210607,8106.01,8042.73,8120.51,7988.96,1.62,
HKTECH,20210604,8080.0,8095.64,8195.37,8059.76,1.66,
HKTECH,20210603,8227.63,8164.34,8316.21,8140.48,2.13,
HKTECH,20210602,8338.03,8235.1,8338.03,8201.54,1.64,
HKTECH,20210601,8141.8,8305.74,8311.71,8132.19,2.22,
HKTECH,20210531,8036.81,8104.35,8105.52,7991.08,1.44,
HKTECH,20210528,8135.72,7957.63,8136.36,7942.25,2.39,
HKTECH,20210527,8082.33,8123.88,8132.89,8033.36,1.23,
HKTECH,20210526,8044.39,8072.46,8092.55,7993.66,1.24,
HKTECH,20210525,7884.97,8004.37,8024.63,7846.99,2.26,
HKTECH,20210524,7961.23,7876.61,7998.24,7800.37,2.47,
HKTECH,20210521,8016.44,8025.31,8048.64,7945.27,1.31,
HKTECH,20210520,7810.78,7915.72,7939.08,7795.83,1.83,
HKTECH,20210518,7764.25,7817.69,7825.64,7741.87,1.09,
HKTECH,20210517,7628.91,7699.96,7738.08,7602.06,1.8,
HKTECH,20210514,7548.11,7565.31,7590.53,7433.44,2.07,
HKTECH,20210513,7699.22,7599.62,7738.78,7597.26,1.8,
HKTECH,20210512,7755.31,7861.18,7868.98,7723.66,1.9,
HKTECH,20210511,7673.06,7649.68,7673.06,7533.21,1.77,
HKTECH,20210510,7987.35,7886.02,8045.17,7841.34,2.56,
HKTECH,20210507,8158.71,7954.82,8158.71,7934.46,2.76,
HKTECH,20210506,8164.63,8136.87,8232.76,8065.8,2.06,
HKTECH,20210505,8180.23,8107.9,8240.29,8096.39,1.74,
HKTECH,20210504,8231.32,8284.12,8295.95,8187.8,1.31,
HKTECH,20210503,8314.65,8227.89,8323.99,8188.44,1.63,
HKTECH,20210430,8435.37,8313.18,8440.3,8300.33,1.65,
HKTECH,20210429,8585.77,8500.13,8599.89,8468.4,1.54,
HKTECH,20210428,8531.36,8532.76,8565.31,8487.53,0.91,
HKTECH,20210427,8486.64,8516.45,8571.05,8418.32,1.8,
HKTECH,20210426,8527.83,8485.24,8612.36,8461.7,1.78,
HKTECH,20210423,8312.99,8467.75,8506.39,8299.72,2.5,
HKTECH,20210422,8263.03,8279.74,8314.54,8200.21,1.4,
HKTECH,20210421,8161.73,8185.0,8222.84,8113.46,1.32,
HKTECH,20210420,8272.34,8311.69,8354.44,8249.22,1.26,
HKTECH,20210419,8206.45,8346.39,8406.12,8145.27,3.17,
HKTECH,20210416,8135.42,8232.13,8250.13,8117.83,1.62,
HKTECH,20210415,8212.39,8142.92,8212.39,8023.97,2.29,
HKTECH,20210414,8191.8,8225.67,8293.81,8176.63,1.46,
HKTECH,20210413,8175.37,8038.81,8233.38,8018.65,2.63,
HKTECH,20210412,8365.23,8169.5,8374.97,8137.17,2.86,
HKTECH,20210409,8503.03,8305.93,8503.03,8246.54,3.03,
HKTECH,20210408,8375.56,8458.11,8524.03,8338.03,2.2,
HKTECH,20210407,8650.5,8451.85,8669.17,8421.21,2.89,
HKTECH,20210401,8336.0,8569.64,8569.73,8308.08,3.2,
HKTECH,20210331,8283.46,8183.8,8343.46,8151.33,2.35,
HKTECH,20210330,8077.65,8180.32,8239.15,8045.83,2.42,
HKTECH,20210329,8110.96,7981.07,8160.82,7906.57,3.13,
HKTECH,20210326,7985.26,8129.63,8206.02,7955.34,3.16,
HKTECH,20210325,7812.59,7944.8,7995.82,7642.57,4.39,
HKTECH,20210324,8283.7,8040.99,8328.41,7981.65,4.18,
HKTECH,20210323,8580.99,8295.42,8584.66,8223.0,4.25,
HKTECH,20210322,8529.34,8508.85,8646.1,8441.96,2.39,
HKTECH,20210319,8516.42,8551.32,8597.79,8387.79,2.42,
HKTECH,20210318,8689.32,8676.33,8819.38,8643.42,2.05,
HKTECH,20210317,8523.48,8574.04,8643.75,8402.95,2.82,
HKTECH,20210316,8405.94,8530.82,8549.58,8405.94,1.74,
HKTECH,20210315,8549.04,8264.42,8607.84,8171.97,5.15,
HKTECH,20210312,8836.77,8456.43,8894.41,8449.29,5.15,
HKTECH,20210311,8232.88,8640.16,8652.11,8219.81,5.26,
HKTECH,20210310,8526.69,8216.58,8526.69,8174.61,4.37,
HKTECH,20210309,8029.83,8063.12,8324.1,7706.83,7.64,
HKTECH,20210308,8736.53,8081.63,8748.88,8023.24,8.4,
HKTECH,20210305,8500.51,8634.22,8774.2,8384.91,4.41,
HKTECH,20210304,9149.65,8819.62,9150.36,8807.47,3.66,
HKTECH,20210303,9282.48,9366.51,9368.76,9117.0,2.72,
HKTECH,20210302,9570.95,9257.99,9629.89,9221.54,4.39,
HKTECH,20210301,9209.95,9298.79,9312.06,9130.98,2.02,
HKTECH,20210226,9052.15,8954.44,9184.17,8937.09,2.6,
HKTECH,20210225,9606.37,9496.79,9665.98,9380.89,3.05,
HKTECH,20210224,9931.55,9360.95,9988.84,9201.58,7.98,
HKTECH,20210223,9786.09,9863.82,10000.12,9637.21,3.64,
HKTECH,20210222,10686.39,9977.41,10686.39,9977.41,6.71,
HKTECH,20210219,10517.13,10560.97,10560.97,10214.36,3.27,
HKTECH,20210218,10964.67,10591.53,11001.78,10565.4,3.99,
HKTECH,20210217,10658.24,10945.22,10945.22,10555.63,3.64,
HKTECH,20210216,10620.97,10694.68,10785.98,10585.65,1.92,
HKTECH,20210211,10219.06,10411.2,10411.2,10094.85,3.1,
HKTECH,20210210,10100.71,10214.73,10219.76,10021.7,1.99,
HKTECH,20210209,9810.07,9961.71,9970.91,9780.07,1.96,
HKTECH,20210208,9930.31,9756.81,9947.75,9727.46,2.25,
HKTECH,20210205,9935.47,9795.16,9996.24,9770.24,2.28,
HKTECH,20210204,10034.24,9897.37,10042.8,9678.4,3.6,
HKTECH,20210203,10056.56,10125.72,10137.86,9907.63,2.31,
HKTECH,20210202,9987.0,9976.44,10096.4,9951.12,1.49,
HKTECH,20210201,9438.36,9765.89,9792.88,9385.43,4.35,
HKTECH,20210129,9543.2,9358.11,9709.45,9283.93,4.54,
HKTECH,20210128,9564.89,9372.88,9791.85,9339.48,4.61,
HKTECH,20210127,10055.5,9807.73,10057.24,9603.17,4.56,
HKTECH,20210126,10142.51,9967.45,10279.96,9843.29,4.28,
HKTECH,20210125,9841.33,10206.61,10228.7,9841.33,3.97,
HKTECH,20210122,9811.68,9765.76,9952.94,9707.08,2.51,
HKTECH,20210121,9915.87,9809.84,9981.71,9736.29,2.48,
HKTECH,20210120,9493.74,9885.22,9885.22,9474.55,4.38,
HKTECH,20210119,9228.15,9374.79,9526.28,9228.15,3.27,
HKTECH,20210118,8715.32,9116.24,9122.71,8688.63,4.95,
HKTECH,20210115,8814.55,8775.54,8818.39,8640.52,2.0,
HKTECH,20210114,8774.84,8895.21,8901.83,8711.66,2.19,
HKTECH,20210113,8781.51,8669.71,8813.34,8600.12,2.44,
HKTECH,20210112,8685.24,8726.64,8758.24,8619.41,1.6,
HKTECH,20210111,8730.59,8665.47,8839.76,8614.55,2.61,
HKTECH,20210108,8450.05,8630.32,8694.4,8450.05,2.91,
HKTECH,20210107,8559.09,8400.85,8559.09,8301.0,3.0,
HKTECH,20210106,8574.37,8609.6,8699.84,8510.4,2.24,
HKTECH,20210105,8422.18,8463.55,8504.65,8385.74,1.4,
HKTECH,20210104,8376.85,8489.69,8544.87,8360.83,2.18,
HKTECH,20201231,8332.26,8425.9,8445.6,8332.01,1.37,
HKTECH,20201230,8078.28,8295.37,8311.5,8078.28,2.92,
HKTECH,20201229,7908.69,7997.83,8072.71,7908.69,2.1,
HKTECH,20201228,8063.45,7795.78,8070.26,7768.81,3.7,
HKTECH,20201224,8348.44,8142.81,8352.8,8122.62,2.73,
HKTECH,20201223,8207.8,8426.07,8480.35,8204.42,3.37,
HKTECH,20201222,8164.53,8186.66,8253.32,8091.29,1.99,
HKTECH,20201221,8243.12,8159.95,8277.37,8159.95,1.42,
HKTECH,20201218,8324.89,8253.83,8345.77,8221.54,1.49,
HKTECH,20201217,8205.81,8332.66,8332.66,8186.12,1.8,
HKTECH,20201216,8158.8,8146.4,8173.26,8085.68,1.08,
HKTECH,20201215,8149.85,8094.42,8149.85,8028.9,1.49,
HKTECH,20201214,8056.27,8128.81,8156.09,8005.06,1.87,
HKTECH,20201211,8123.04,8080.6,8143.59,8037.63,1.32,
HKTECH,20201210,8004.56,8025.83,8044.07,7955.62,1.09,
HKTECH,20201209,8144.8,8101.77,8206.08,8066.77,1.72,
HKTECH,20201208,7939.81,8085.11,8136.73,7916.24,2.78,
HKTECH,20201207,7974.95,7944.79,8011.29,7847.39,2.06,
HKTECH,20201204,7969.58,7952.8,8012.79,7928.56,1.06,
HKTECH,20201203,7895.37,7940.19,7942.15,7869.1,0.93,
HKTECH,20201202,7998.06,7848.25,7998.06,7820.79,2.22,
HKTECH,20201201,8041.66,7985.36,8049.23,7941.87,1.34,
HKTECH,20201130,8095.44,8019.36,8143.4,7993.32,1.86,
HKTECH,20201127,8075.11,8090.05,8139.55,8042.46,1.21,
HKTECH,20201126,7983.53,8057.14,8057.14,7936.82,1.52,
HKTECH,20201125,8131.23,7921.35,8159.03,7869.31,3.57,
HKTECH,20201124,8186.2,8107.1,8186.2,8044.51,1.75,
HKTECH,20201123,8100.09,8088.86,8105.54,8038.79,0.83,
HKTECH,20201120,7975.98,7997.52,8038.46,7949.21,1.13,
HKTECH,20201119,7946.25,7903.37,7946.25,7799.56,1.84,
HKTECH,20201118,7940.06,7972.21,7986.66,7885.91,1.27,
HKTECH,20201117,8044.21,7933.13,8044.21,7838.9,2.54,
HKTECH,20201116,8075.93,8075.83,8079.54,7890.32,2.38,
HKTECH,20201113,7772.01,7939.72,7939.72,7714.36,2.92,
HKTECH,20201112,7679.1,7706.58,7812.5,7672.13,1.88,
HKTECH,20201111,7724.61,7465.44,7827.5,7450.35,4.74,
HKTECH,20201110,8214.52,7961.74,8214.52,7841.11,4.45,
HKTECH,20201109,8325.85,8394.19,8524.94,8324.45,2.46,
HKTECH,20201106,8200.2,8152.54,8229.28,8020.85,2.55,
HKTECH,20201105,8062.58,8181.62,8181.62,8045.11,1.76,
HKTECH,20201104,7594.79,7758.72,7817.48,7574.61,3.15,
HKTECH,20201103,7626.98,7714.73,7774.11,7626.98,1.94,
HKTECH,20201102,7601.14,7585.76,7643.02,7474.7,2.23,
HKTECH,20201030,7691.83,7534.39,7778.82,7509.78,3.51,
HKTECH,20201029,7508.24,7675.42,7729.82,7485.71,3.19,
HKTECH,20201028,7577.04,7656.45,7694.83,7520.69,2.31,
HKTECH,20201027,7457.47,7547.66,7603.44,7449.86,2.05,
HKTECH,20201023,7600.35,7484.48,7600.35,7441.65,2.08,
HKTECH,20201022,7624.14,7620.34,7624.14,7495.48,1.69,
HKTECH,20201021,7707.12,7618.06,7732.2,7609.39,1.61,
HKTECH,20201020,7592.77,7644.48,7644.48,7516.3,1.69,
HKTECH,20201019,7687.37,7570.71,7723.86,7559.62,2.16,
HKTECH,20201016,7661.68,7604.61,7675.58,7540.76,1.79,
HKTECH,20201015,7766.27,7541.04,7769.07,7504.74,3.38,
HKTECH,20201014,7878.84,7819.84,7878.84,7725.8,1.97,
HKTECH,20201012,7575.67,7748.85,7749.98,7575.67,2.32,
HKTECH,20201009,7567.75,7503.27,7597.29,7467.87,1.72,
HKTECH,20201008,7527.52,7511.11,7527.52,7438.45,1.19,
HKTECH,20201007,7358.22,7494.59,7494.59,7300.09,2.65,
HKTECH,20201006,7154.8,7336.35,7350.2,7141.42,2.94,
HKTECH,20201005,7255.73,7092.06,7255.73,7049.82,2.91,
HKTECH,20200930,7017.17,7087.64,7143.14,6981.22,2.32,
HKTECH,20200929,7063.95,6977.3,7078.74,6965.7,1.62,
HKTECH,20200928,6921.46,6978.59,6998.21,6897.62,1.45,
HKTECH,20200925,7110.42,6918.77,7134.45,6860.75,3.88,
HKTECH,20200924,7218.71,7054.28,7223.84,7051.11,2.37,
HKTECH,20200923,7270.29,7298.62,7327.99,7235.37,1.28,
HKTECH,20200922,7202.01,7233.32,7319.08,7144.89,2.42,
HKTECH,20200921,7408.78,7195.75,7422.87,7188.84,3.17,
HKTECH,20200918,7314.72,7371.82,7371.82,7237.95,1.83,
HKTECH,20200917,7403.11,7301.56,7433.0,7245.87,2.52,
HKTECH,20200916,7401.88,7430.09,7464.42,7370.02,1.28,
HKTECH,20200915,7327.13,7348.72,7374.48,7281.24,1.27,
HKTECH,20200914,7235.43,7317.31,7345.08,7232.97,1.56,
HKTECH,20200911,7001.26,7178.27,7195.96,6986.97,2.99,
HKTECH,20200910,7133.84,6999.72,7200.8,6994.63,2.94,
HKTECH,20200909,6984.19,7015.64,7086.74,6906.75,2.53,
HKTECH,20200908,7301.72,7123.28,7326.01,7007.09,4.4,
HKTECH,20200907,7481.19,7240.96,7487.95,7213.81,3.61,
HKTECH,20200904,7342.83,7588.02,7622.35,7290.83,4.3,
HKTECH,20200903,7889.48,7706.06,7889.48,7678.15,2.67,
HKTECH,20200902,7874.07,7909.39,7909.39,7764.78,1.88,
HKTECH,20200901,7556.9,7674.71,7683.66,7526.33,2.09,
HKTECH,20200831,7746.63,7543.86,7771.28,7543.86,3.0,
HKTECH,20200828,7521.87,7580.9,7745.92,7430.02,4.19,
HKTECH,20200827,7352.09,7540.86,7574.23,7311.0,3.62,
HKTECH,20200826,7311.5,7275.44,7326.57,7219.82,1.48,
HKTECH,20200825,7348.1,7223.67,7355.49,7153.69,2.75,
HKTECH,20200824,7247.6,7329.91,7332.19,7198.76,1.86,
HKTECH,20200821,7205.57,7168.87,7208.73,7104.01,1.46,
HKTECH,20200820,7183.25,7167.6,7183.25,7060.78,1.71,
HKTECH,20200819,7187.71,7150.41,7251.57,7131.43,1.67,
HKTECH,20200818,7147.73,7196.01,7196.01,7075.06,1.71,
HKTECH,20200817,7037.86,7075.03,7117.17,7004.77,1.6,
HKTECH,20200814,7019.18,7038.26,7091.0,6975.84,1.64,
HKTECH,20200813,7116.74,7031.81,7133.18,7008.4,1.78,
HKTECH,20200812,7086.93,7010.72,7086.93,6833.88,3.55,
HKTECH,20200811,7217.05,7129.84,7274.64,7085.29,2.64,
HKTECH,20200810,7279.54,7176.17,7279.54,7119.29,2.17,
HKTECH,20200807,7551.8,7386.66,7551.8,7144.76,5.37,
HKTECH,20200806,7579.88,7576.84,7588.85,7420.51,2.23,
HKTECH,20200805,7488.74,7547.2,7547.2,7398.66,2.0,
HKTECH,20200804,7390.33,7436.59,7448.95,7330.11,1.63,
HKTECH,20200803,7255.44,7292.45,7311.53,7127.2,2.58,
HKTECH,20200731,7193.55,7155.03,7285.56,7108.15,2.5,
HKTECH,20200730,7160.24,7100.21,7244.19,7083.79,2.26,
HKTECH,20200729,6971.98,7085.15,7099.94,6951.1,2.12,
HKTECH,20200728,6930.58,7012.62,7012.62,6902.57,1.62,
HKTECH,20200727,6918.05,6774.78,7014.84,6677.16,4.92,
