open_time,open,high,low,close,volume
2020-01-01 08:00:00,7195.24,7196.25,7175.46,7177.02,511.814901
2020-01-01 09:00:00,7176.47,7230.0,7175.71,7216.27,883.052603
2020-01-01 10:00:00,7215.52,7244.87,7211.41,7242.85,655.156809
2020-01-01 11:00:00,7242.66,7245.0,7220.0,7225.01,783.724867
2020-01-01 12:00:00,7225.0,7230.0,7215.03,7217.27,467.812578
2020-01-01 13:00:00,7217.26,7229.76,7216.65,7224.21,344.670596
2020-01-01 14:00:00,7224.24,7236.27,7221.51,7225.62,621.467023
2020-01-01 15:00:00,7225.88,7232.94,7199.11,7209.83,627.344854
2020-01-01 16:00:00,7209.83,7210.0,7180.0,7200.64,915.545974
2020-01-01 17:00:00,7200.29,7210.51,7188.0,7188.77,636.386102
2020-01-01 18:00:00,7189.07,7210.0,7185.2,7202.0,537.762804
2020-01-01 19:00:00,7202.01,7237.73,7188.61,7197.2,1076.959481
2020-01-01 20:00:00,7197.2,7233.33,7196.15,7225.59,868.75358
2020-01-01 21:00:00,7225.84,7231.89,7212.88,7221.2,612.180902
2020-01-01 22:00:00,7221.17,7234.97,7208.17,7221.43,617.714185
2020-01-01 23:00:00,7221.6,7255.0,7218.29,7234.19,1393.888792
2020-01-02 00:00:00,7234.2,7246.42,7214.0,7245.37,881.93278
2020-01-02 01:00:00,7244.34,7249.99,7224.92,7236.83,1069.210567
2020-01-02 02:00:00,7237.02,7246.72,7225.17,7240.67,611.693307
2020-01-02 03:00:00,7240.8,7241.0,7225.49,7229.48,417.746637
2020-01-02 04:00:00,7229.48,7242.98,7224.68,7236.73,391.834174
2020-01-02 05:00:00,7237.26,7242.75,7227.0,7233.17,285.454078
2020-01-02 06:00:00,7233.32,7234.49,7186.0,7197.99,769.030411
2020-01-02 07:00:00,7197.62,7204.17,7175.15,7200.85,811.25016
2020-01-02 08:00:00,7200.77,7212.5,7185.46,7211.02,391.352377
2020-01-02 09:00:00,7211.04,7211.16,7185.11,7190.99,402.660139
2020-01-02 10:00:00,7190.99,7191.0,7155.35,7169.02,1387.377886
2020-01-02 11:00:00,7169.04,7169.06,7120.37,7129.61,1557.96443
2020-01-02 12:00:00,7129.25,7161.0,7116.7,7142.21,1252.447877
2020-01-02 13:00:00,7142.61,7152.05,7126.93,7138.93,569.50899
2020-01-02 14:00:00,7138.93,7149.02,7121.43,7135.97,687.600665
2020-01-02 15:00:00,7136.04,7140.63,7105.0,7110.57,1548.403823
2020-01-02 16:00:00,7110.98,7157.48,7109.11,7154.36,1114.825128
2020-01-02 17:00:00,7153.57,7165.0,7135.36,7162.01,840.001328
2020-01-02 18:00:00,7162.18,7180.0,7153.33,7161.83,1446.219984
2020-01-02 19:00:00,7161.89,7168.67,7139.03,7139.79,761.15657
2020-01-02 20:00:00,7139.73,7163.4,7139.03,7158.29,794.030497
2020-01-02 21:00:00,7158.86,7163.35,7107.43,7131.15,1566.280693
2020-01-02 22:00:00,7131.18,7157.1,7122.34,7135.59,956.300925
2020-01-02 23:00:00,7135.59,7152.0,7120.0,7130.98,862.429718
2020-01-03 00:00:00,7130.37,7146.85,7020.0,7052.32,3604.474152
2020-01-03 01:00:00,7052.32,7053.09,6924.74,6970.04,6183.82554
2020-01-03 02:00:00,6970.04,6989.68,6949.96,6974.02,1513.597939
2020-01-03 03:00:00,6974.02,6995.0,6960.0,6983.27,1397.130602
2020-01-03 04:00:00,6982.63,6983.22,6941.27,6948.49,1138.646334
2020-01-03 05:00:00,6948.16,6985.0,6946.2,6977.73,665.856715
2020-01-03 06:00:00,6977.55,6978.24,6963.02,6974.8,568.324029
2020-01-03 07:00:00,6974.8,6974.8,6950.0,6965.71,741.067591
2020-01-03 08:00:00,6965.49,6966.47,6912.88,6937.0,1106.732043
2020-01-03 09:00:00,6937.0,6946.07,6878.19,6888.85,2402.581684
2020-01-03 10:00:00,6888.26,6966.8,6871.04,6956.88,2869.993553
2020-01-03 11:00:00,6957.66,6966.36,6940.0,6952.04,1246.589508
2020-01-03 12:00:00,6952.04,7264.71,6948.64,7210.19,9560.897697
2020-01-03 13:00:00,7210.2,7249.0,7168.48,7220.47,3575.770965
2020-01-03 14:00:00,7220.49,7225.0,7190.14,7202.22,2075.25916
2020-01-03 15:00:00,7202.06,7232.0,7185.04,7203.21,2185.376884
2020-01-03 16:00:00,7202.28,7297.29,7202.28,7260.6,3976.534509
2020-01-03 17:00:00,7260.64,7358.88,7256.56,7348.42,5469.030632
2020-01-03 18:00:00,7349.3,7371.92,7281.3,7312.25,3924.462414
2020-01-03 19:00:00,7312.26,7346.0,7306.61,7340.46,1826.857466
2020-01-03 20:00:00,7340.46,7350.19,7303.14,7322.78,1717.22262
2020-01-03 21:00:00,7324.1,7380.0,7311.59,7348.87,1906.468998
2020-01-03 22:00:00,7348.36,7362.31,7229.3,7254.73,4583.643119
2020-01-03 23:00:00,7255.49,7322.44,7252.48,7320.18,2371.650792
2020-01-04 00:00:00,7320.17,7405.0,7293.1,7386.03,5852.326934
2020-01-04 01:00:00,7388.21,7403.2,7335.21,7355.26,2201.223063
2020-01-04 02:00:00,7355.23,7369.47,7330.32,7342.96,1422.531602
2020-01-04 03:00:00,7342.95,7352.33,7280.0,7343.08,2259.002878
2020-01-04 04:00:00,7343.62,7361.0,7297.01,7316.99,1546.013182
2020-01-04 05:00:00,7317.01,7335.0,7262.68,7283.0,1227.929145
2020-01-04 06:00:00,7281.69,7320.54,7260.01,7300.56,1407.545265
2020-01-04 07:00:00,7301.32,7346.08,7291.75,7344.96,1712.856338
2020-01-04 08:00:00,7345.0,7350.0,7289.98,7302.24,1240.406484
2020-01-04 09:00:00,7304.96,7312.58,7280.85,7309.16,821.321239
2020-01-04 10:00:00,7308.71,7328.99,7296.18,7327.83,868.281715
2020-01-04 11:00:00,7328.21,7339.69,7318.56,7333.11,763.775397
2020-01-04 12:00:00,7333.14,7338.46,7312.65,7334.86,691.833205
2020-01-04 13:00:00,7334.59,7369.28,7325.0,7344.69,1306.738785
2020-01-04 14:00:00,7344.7,7367.88,7340.0,7354.96,1168.097036
2020-01-04 15:00:00,7354.95,7363.63,7327.32,7348.11,1352.880865
2020-01-04 16:00:00,7348.04,7365.0,7330.0,7346.59,1272.743225
2020-01-04 17:00:00,7346.4,7369.18,7339.28,7363.88,1084.110633
2020-01-04 18:00:00,7364.32,7369.63,7304.36,7318.3,1807.551552
2020-01-04 19:00:00,7318.15,7339.27,7302.1,7336.45,1520.454655
2020-01-04 20:00:00,7336.75,7339.58,7305.0,7312.89,1131.422667
2020-01-04 21:00:00,7312.79,7326.49,7291.0,7303.88,1549.128326
2020-01-04 22:00:00,7303.72,7323.74,7296.44,7316.72,874.231693
2020-01-04 23:00:00,7315.51,7332.0,7305.0,7318.99,870.0506
2020-01-05 00:00:00,7318.98,7323.26,7297.91,7307.11,1043.417942
2020-01-05 01:00:00,7308.0,7352.0,7305.0,7351.99,1237.984296
2020-01-05 02:00:00,7351.36,7404.0,7272.21,7306.92,4110.024469
2020-01-05 03:00:00,7306.6,7353.84,7283.01,7334.83,1966.929401
2020-01-05 04:00:00,7334.89,7352.64,7310.67,7341.06,1433.864061
2020-01-05 05:00:00,7340.9,7367.31,7330.72,7350.68,869.007514
2020-01-05 06:00:00,7350.72,7359.7,7342.67,7350.24,474.926109
2020-01-05 07:00:00,7350.05,7363.0,7328.9,7354.11,528.793108
2020-01-05 08:00:00,7354.19,7393.0,7354.11,7373.48,1432.35544
2020-01-05 09:00:00,7373.43,7481.87,7373.43,7459.18,6394.85574
2020-01-05 10:00:00,7459.91,7482.87,7432.79,7443.79,2038.01579
2020-01-05 11:00:00,7443.92,7478.0,7439.33,7475.99,1446.222876
2020-01-05 12:00:00,7476.0,7495.0,7444.0,7457.14,1859.909467
2020-01-05 13:00:00,7457.18,7470.0,7444.0,7459.12,952.444318
2020-01-05 14:00:00,7458.51,7481.25,7437.4,7457.5,1166.464289
2020-01-05 15:00:00,7457.83,7470.36,7442.0,7463.63,888.087854
2020-01-05 16:00:00,7463.64,7472.0,7410.0,7430.05,1595.878334
2020-01-05 17:00:00,7430.0,7436.84,7400.0,7427.74,2072.537095
2020-01-05 18:00:00,7427.7,7432.28,7403.21,7415.12,995.14421
2020-01-05 19:00:00,7415.1,7440.0,7410.0,7422.33,1001.517619
2020-01-05 20:00:00,7422.27,7460.46,7421.93,7457.01,1079.561263
2020-01-05 21:00:00,7457.79,7458.0,7415.0,7431.15,1337.571084
2020-01-05 22:00:00,7431.16,7444.73,7425.0,7431.82,831.78756
2020-01-05 23:00:00,7431.71,7476.31,7430.99,7468.42,1839.988518
2020-01-06 00:00:00,7467.91,7484.0,7450.0,7461.38,1764.362509
2020-01-06 01:00:00,7461.26,7470.76,7445.15,7464.65,904.275876
2020-01-06 02:00:00,7464.62,7468.87,7421.77,7438.72,1226.760244
2020-01-06 03:00:00,7439.02,7449.69,7427.1,7444.14,952.37598
2020-01-06 04:00:00,7444.71,7445.0,7426.0,7431.6,687.771423
2020-01-06 05:00:00,7431.01,7431.53,7361.01,7368.52,2225.194358
2020-01-06 06:00:00,7367.62,7385.65,7318.0,7355.73,2249.586037
2020-01-06 07:00:00,7355.73,7363.35,7321.0,7358.75,1388.41772
2020-01-06 08:00:00,7357.64,7384.72,7346.76,7378.75,1358.867787
2020-01-06 09:00:00,7378.97,7426.82,7368.55,7423.5,1630.227541
2020-01-06 10:00:00,7423.06,7562.0,7421.64,7551.44,5819.256972
2020-01-06 11:00:00,7551.47,7580.0,7486.85,7540.9,4769.906356
2020-01-06 12:00:00,7540.9,7554.61,7516.06,7529.52,1554.582461
2020-01-06 13:00:00,7529.52,7541.55,7496.0,7532.85,1472.91993
2020-01-06 14:00:00,7532.85,7537.53,7510.99,7520.0,873.32937
2020-01-06 15:00:00,7520.0,7527.27,7505.57,7507.91,921.886394
2020-01-06 16:00:00,7508.18,7551.68,7507.39,7547.55,1690.857798
2020-01-06 17:00:00,7547.88,7553.0,7516.51,7550.78,2074.105876
2020-01-06 18:00:00,7550.84,7576.68,7535.64,7561.22,1912.728693
2020-01-06 19:00:00,7561.27,7582.27,7526.88,7544.72,2149.635226
2020-01-06 20:00:00,7544.72,7566.24,7535.0,7557.42,1484.613594
2020-01-06 21:00:00,7557.77,7622.0,7465.44,7528.64,3698.140842
2020-01-06 22:00:00,7528.59,7558.45,7505.02,7547.93,2383.745611
2020-01-06 23:00:00,7548.1,7553.28,7516.34,7519.99,1644.393877
2020-01-07 00:00:00,7519.05,7546.08,7509.43,7529.24,1626.355417
2020-01-07 01:00:00,7529.01,7561.0,7526.91,7558.48,1102.998522
2020-01-07 02:00:00,7558.78,7560.0,7525.96,7533.0,910.967306
2020-01-07 03:00:00,7532.5,7551.71,7524.0,7539.9,863.252634
2020-01-07 04:00:00,7539.74,7557.99,7534.9,7551.25,978.342912
2020-01-07 05:00:00,7551.24,7608.0,7547.56,7578.42,2101.577667
2020-01-07 06:00:00,7578.42,7752.0,7574.39,7712.63,6546.730323
2020-01-07 07:00:00,7712.58,7795.34,7690.7,7758.0,5066.272207
2020-01-07 08:00:00,7758.9,8000.0,7758.29,7888.42,12714.830706
2020-01-07 09:00:00,7889.64,7919.99,7866.01,7905.67,3784.606696
2020-01-07 10:00:00,7905.67,7940.0,7892.32,7896.2,2658.470846
2020-01-07 11:00:00,7896.08,7916.94,7885.75,7894.9,1811.52833
2020-01-07 12:00:00,7894.71,7905.5,7821.0,7840.83,3265.389556
2020-01-07 13:00:00,7839.75,7882.56,7826.63,7869.33,1749.120728
2020-01-07 14:00:00,7869.29,7876.0,7851.26,7872.91,1034.371143
2020-01-07 15:00:00,7873.05,7896.72,7857.53,7883.37,1730.807736
2020-01-07 16:00:00,7883.11,7904.72,7868.0,7883.97,2060.945511
2020-01-07 17:00:00,7884.32,7886.17,7855.0,7856.26,1266.181976
2020-01-07 18:00:00,7856.26,7889.78,7856.15,7889.24,1164.566425
2020-01-07 19:00:00,7888.12,7965.0,7881.69,7895.14,4207.107584
2020-01-07 20:00:00,7895.13,7915.77,7840.0,7869.05,3167.803362
2020-01-07 21:00:00,7869.02,7869.03,7810.73,7847.99,2935.85674
2020-01-07 22:00:00,7847.99,7884.59,7837.26,7838.8,2419.777007
2020-01-07 23:00:00,7841.16,7847.99,7740.29,7764.59,5292.202151
2020-01-08 00:00:00,7764.04,7940.12,7723.71,7912.18,6410.882075
2020-01-08 01:00:00,7912.18,7952.05,7878.01,7938.33,3293.006137
2020-01-08 02:00:00,7937.88,8137.0,7919.22,8037.69,9327.807487
2020-01-08 03:00:00,8038.54,8111.45,8032.39,8073.69,4283.208684
2020-01-08 04:00:00,8073.69,8175.01,8041.28,8162.66,4404.727667
2020-01-08 05:00:00,8162.57,8188.0,7975.74,8016.44,5116.55768
2020-01-08 06:00:00,8016.43,8067.06,7945.72,8049.55,3088.53339
2020-01-08 07:00:00,8049.83,8207.68,8020.7,8145.28,3983.395044
2020-01-08 08:00:00,8145.92,8455.0,8142.0,8431.82,12579.628057
2020-01-08 09:00:00,8430.53,8448.14,8328.89,8370.92,8384.945558
2020-01-08 10:00:00,8370.93,8422.0,8256.74,8278.59,4558.246276
2020-01-08 11:00:00,8278.07,8344.0,8244.93,8300.34,4359.947687
2020-01-08 12:00:00,8300.34,8355.87,8288.0,8344.63,2575.222396
2020-01-08 13:00:00,8343.92,8377.0,8307.85,8334.77,2664.277869
2020-01-08 14:00:00,8334.76,8367.61,8319.0,8339.13,1731.943454
2020-01-08 15:00:00,8339.14,8347.99,8277.21,8297.26,2788.142801
2020-01-08 16:00:00,8297.27,8329.09,8264.86,8312.04,2508.727051
2020-01-08 17:00:00,8312.05,8321.83,8276.0,8297.21,2091.834391
2020-01-08 18:00:00,8296.98,8359.0,8284.19,8326.98,2380.674785
2020-01-08 19:00:00,8327.06,8370.0,8325.03,8332.47,2034.529797
2020-01-08 20:00:00,8332.2,8347.33,8276.0,8286.16,2426.854154
2020-01-08 21:00:00,8285.92,8418.61,8215.2,8384.99,7456.82961
2020-01-08 22:00:00,8384.99,8385.0,8184.0,8310.98,6554.98078
2020-01-08 23:00:00,8310.98,8359.0,8237.36,8305.97,3993.008669
2020-01-09 00:00:00,8306.09,8335.79,8050.0,8115.0,12758.450281
2020-01-09 01:00:00,8115.0,8123.98,8010.0,8077.68,7266.047229
2020-01-09 02:00:00,8077.68,8094.93,8035.01,8053.7,2950.762774
2020-01-09 03:00:00,8053.7,8069.73,7963.05,7963.35,3758.461889
2020-01-09 04:00:00,7963.56,8060.86,7870.0,8046.03,8887.842817
2020-01-09 05:00:00,8046.42,8048.66,7957.55,8016.06,3140.073055
2020-01-09 06:00:00,8017.36,8080.0,7988.58,8076.13,2119.902017
2020-01-09 07:00:00,8076.13,8125.57,8023.55,8055.98,2651.309243
2020-01-09 08:00:00,8054.72,8055.96,7928.0,7956.55,3517.43095
2020-01-09 09:00:00,7956.88,8037.37,7950.0,8004.8,2413.123473
2020-01-09 10:00:00,8004.05,8026.01,7980.0,7982.75,1579.537464
2020-01-09 11:00:00,7983.09,7993.46,7935.56,7954.72,2480.168472
2020-01-09 12:00:00,7954.96,7978.31,7928.0,7966.85,2053.928386
2020-01-09 13:00:00,7966.75,7966.75,7925.68,7941.83,1404.270001
2020-01-09 14:00:00,7941.99,7951.68,7896.0,7908.48,2068.18413
2020-01-09 15:00:00,7908.71,7976.67,7903.4,7949.84,2449.538328
2020-01-09 16:00:00,7949.57,7955.83,7909.3,7933.1,1641.494387
2020-01-09 17:00:00,7932.51,7932.94,7864.24,7872.35,3408.741356
2020-01-09 18:00:00,7872.36,7934.78,7852.01,7896.38,2923.998132
2020-01-09 19:00:00,7895.56,7901.99,7855.0,7878.56,1911.857856
2020-01-09 20:00:00,7878.02,7917.68,7871.0,7900.91,2162.941372
2020-01-09 21:00:00,7901.49,7945.0,7891.43,7897.52,2859.442366
2020-01-09 22:00:00,7897.54,7919.59,7875.55,7885.5,1887.759463
2020-01-09 23:00:00,7885.5,7930.0,7882.75,7907.05,1555.442519
2020-01-10 00:00:00,7907.05,7920.01,7805.01,7818.15,4386.286631
2020-01-10 01:00:00,7818.15,7846.0,7778.0,7798.6,3990.175129
2020-01-10 02:00:00,7798.23,7832.13,7788.68,7810.64,1529.030453
2020-01-10 03:00:00,7810.68,7957.48,7810.3,7917.54,3465.438657
2020-01-10 04:00:00,7917.55,8000.0,7805.0,7818.3,6732.412789
2020-01-10 05:00:00,7819.97,7854.14,7750.0,7789.96,4555.024481
2020-01-10 06:00:00,7789.99,7873.12,7788.78,7811.31,1877.380286
2020-01-10 07:00:00,7811.31,7835.0,7790.01,7817.76,1385.912749
2020-01-10 08:00:00,7817.74,7854.06,7811.05,7820.01,1276.755793
2020-01-10 09:00:00,7820.25,7841.57,7786.12,7804.99,1249.569649
2020-01-10 10:00:00,7804.99,7825.0,7793.34,7803.68,1004.334531
2020-01-10 11:00:00,7803.68,7825.0,7770.0,7818.02,1415.752784
2020-01-10 12:00:00,7818.06,7819.84,7768.4,7795.3,1669.78936
2020-01-10 13:00:00,7795.33,7797.95,7735.0,7748.86,2146.933344
2020-01-10 14:00:00,7748.0,7786.13,7711.76,7748.64,2963.811973
2020-01-10 15:00:00,7747.25,7757.38,7725.77,7752.98,1815.165345
2020-01-10 16:00:00,7753.05,7754.36,7680.0,7706.53,4208.967256
2020-01-10 17:00:00,7706.52,7750.0,7691.91,7716.47,2842.868735
2020-01-10 18:00:00,7716.02,7788.0,7672.0,7771.87,3772.539304
2020-01-10 19:00:00,7772.12,7854.44,7766.93,7841.69,5366.335557
2020-01-10 20:00:00,7841.03,7899.98,7811.0,7893.98,4174.80608
2020-01-10 21:00:00,7893.98,7944.0,7862.31,7870.4,4142.505896
2020-01-10 22:00:00,7870.7,7982.85,7850.01,7978.65,4262.687889
2020-01-10 23:00:00,7978.65,8086.85,7945.44,8066.6,7367.250672
2020-01-11 00:00:00,8067.5,8140.11,7928.94,7952.65,8107.578673
2020-01-11 01:00:00,7952.23,7979.0,7909.98,7966.3,3426.043673
2020-01-11 02:00:00,7966.3,8113.53,7966.3,8022.16,6172.791013
2020-01-11 03:00:00,8022.15,8122.0,7964.01,8059.49,5212.524366
2020-01-11 04:00:00,8058.05,8100.0,8039.27,8073.16,2511.935531
2020-01-11 05:00:00,8074.0,8135.21,8006.65,8049.99,2919.79654
2020-01-11 06:00:00,8048.24,8101.86,7981.59,8090.13,1946.832887
2020-01-11 07:00:00,8090.13,8199.0,8064.64,8197.02,2429.200597
2020-01-11 08:00:00,8198.86,8200.0,8119.75,8168.92,2971.522168
2020-01-11 09:00:00,8168.39,8253.26,8165.16,8204.86,3211.743194
2020-01-11 10:00:00,8204.84,8217.41,8155.02,8206.19,2134.580068
2020-01-11 11:00:00,8206.0,8207.81,8125.09,8158.49,1711.758967
2020-01-11 12:00:00,8158.83,8179.94,8101.0,8117.82,1445.957883
2020-01-11 13:00:00,8118.4,8118.4,8044.65,8083.41,2285.705846
2020-01-11 14:00:00,8083.41,8128.98,8055.71,8124.99,1745.207418
2020-01-11 15:00:00,8124.99,8150.0,8061.71,8074.18,1976.070507
2020-01-11 16:00:00,8074.17,8096.87,8037.0,8052.96,2479.712213
2020-01-11 17:00:00,8052.96,8129.97,8050.83,8114.22,1672.797787
2020-01-11 18:00:00,8114.2,8117.03,8042.89,8054.03,1477.913509
2020-01-11 19:00:00,8054.03,8074.26,8010.0,8045.95,2106.394416
2020-01-11 20:00:00,8045.89,8068.0,8018.41,8061.95,1788.46524
2020-01-11 21:00:00,8061.93,8102.56,8045.01,8090.02,1952.326847
2020-01-11 22:00:00,8090.73,8135.0,8050.0,8053.75,2019.034562
2020-01-11 23:00:00,8054.0,8106.65,8053.08,8099.73,1461.322326
2020-01-12 00:00:00,8099.16,8180.7,8070.0,8169.46,3939.308813
2020-01-12 01:00:00,8168.35,8221.55,8150.0,8160.56,3232.766889
2020-01-12 02:00:00,8160.0,8189.0,8136.68,8169.14,1586.219348
2020-01-12 03:00:00,8169.64,8179.96,8137.27,8151.78,1306.429898
2020-01-12 04:00:00,8151.77,8189.49,8140.98,8161.81,1152.143371
2020-01-12 05:00:00,8161.81,8286.34,8060.25,8105.0,4403.099606
2020-01-12 06:00:00,8106.12,8139.69,8030.0,8082.57,3727.441848
2020-01-12 07:00:00,8082.58,8082.58,8003.16,8020.01,3022.109943
2020-01-12 08:00:00,8020.01,8080.0,7960.0,8060.89,4003.350255
2020-01-12 09:00:00,8060.24,8089.97,8036.13,8065.53,1073.779611
2020-01-12 10:00:00,8065.63,8108.0,8052.88,8095.0,1248.587062
2020-01-12 11:00:00,8095.0,8110.92,8065.62,8091.33,963.637569
2020-01-12 12:00:00,8090.7,8105.0,8071.2,8073.79,711.211749
2020-01-12 13:00:00,8073.03,8110.92,8070.98,8106.05,997.127263
2020-01-12 14:00:00,8105.96,8153.84,8080.01,8083.84,2509.947391
2020-01-12 15:00:00,8083.43,8110.0,8080.45,8097.51,867.095068
2020-01-12 16:00:00,8097.51,8144.72,8080.01,8140.59,1564.077267
2020-01-12 17:00:00,8138.71,8164.08,8118.0,8137.5,1733.24415
2020-01-12 18:00:00,8137.49,8140.87,8095.72,8122.12,1437.283282
2020-01-12 19:00:00,8120.87,8130.5,8103.17,8114.08,867.374202
2020-01-12 20:00:00,8114.08,8155.77,8113.11,8132.19,1826.516481
2020-01-12 21:00:00,8132.19,8170.1,8122.09,8165.0,1509.356687
2020-01-12 22:00:00,8165.08,8185.0,8127.79,8137.17,2027.452023
2020-01-12 23:00:00,8137.64,8171.0,8137.28,8152.7,1232.987263
2020-01-13 00:00:00,8152.63,8175.0,8100.0,8101.98,1921.573971
2020-01-13 01:00:00,8101.02,8197.0,8072.0,8101.47,4321.62153
2020-01-13 02:00:00,8101.47,8129.68,8085.0,8119.31,1596.985116
2020-01-13 03:00:00,8119.91,8160.42,8119.32,8132.01,1572.61611
2020-01-13 04:00:00,8131.4,8152.56,8128.58,8138.74,827.587843
2020-01-13 05:00:00,8138.76,8145.98,8091.22,8102.32,700.412221
2020-01-13 06:00:00,8102.21,8168.78,8100.44,8159.3,1229.957837
2020-01-13 07:00:00,8159.91,8185.0,8134.51,8184.98,1387.712385
2020-01-13 08:00:00,8184.97,8196.0,8142.11,8152.73,1532.148674
2020-01-13 09:00:00,8152.72,8163.13,8138.0,8155.98,971.813322
2020-01-13 10:00:00,8155.98,8159.52,8109.7,8113.12,1058.719264
2020-01-13 11:00:00,8112.97,8124.9,8086.39,8105.77,1451.173665
2020-01-13 12:00:00,8105.73,8126.31,8090.25,8118.33,1134.782721
2020-01-13 13:00:00,8118.07,8118.07,8077.65,8096.23,1033.249253
2020-01-13 14:00:00,8096.18,8115.0,8057.59,8063.11,1601.342481
2020-01-13 15:00:00,8063.11,8094.05,8060.0,8075.26,1614.421591
2020-01-13 16:00:00,8075.26,8134.6,8065.0,8129.99,1974.384978
2020-01-13 17:00:00,8131.03,8132.5,8086.01,8113.69,1587.107884
2020-01-13 18:00:00,8113.67,8129.0,8093.08,8125.69,1559.751981
2020-01-13 19:00:00,8125.66,8131.56,8075.0,8075.01,1464.21659
2020-01-13 20:00:00,8076.86,8096.11,8055.89,8092.85,1823.743811
2020-01-13 21:00:00,8093.16,8114.48,8077.64,8086.78,1128.964651
2020-01-13 22:00:00,8087.24,8096.76,8071.56,8090.0,1142.061198
2020-01-13 23:00:00,8090.0,8103.18,8073.0,8084.89,926.615141
2020-01-14 00:00:00,8085.07,8110.0,8071.12,8109.96,1139.351833
2020-01-14 01:00:00,8109.38,8129.45,8090.5,8098.22,1443.251755
2020-01-14 02:00:00,8098.21,8109.71,8088.0,8107.93,651.90114
2020-01-14 03:00:00,8107.92,8121.84,8103.17,8111.83,918.780208
2020-01-14 04:00:00,8111.83,8160.0,8104.93,8156.84,1627.39869
2020-01-14 05:00:00,8155.79,8158.88,8119.66,8136.0,1160.64011
2020-01-14 06:00:00,8136.0,8141.01,8101.0,8116.72,1439.749076
2020-01-14 07:00:00,8116.72,8137.94,8101.76,8110.34,774.185666
2020-01-14 08:00:00,8110.34,8315.0,8105.54,8270.0,5835.200149
2020-01-14 09:00:00,8270.01,8488.11,8268.57,8431.83,10475.892229
2020-01-14 10:00:00,8431.83,8434.33,8375.0,8431.14,4595.756428
2020-01-14 11:00:00,8431.17,8473.18,8378.0,8461.84,3924.906191
2020-01-14 12:00:00,8461.83,8573.0,8461.83,8524.0,7156.863684
2020-01-14 13:00:00,8523.92,8543.29,8453.35,8477.37,3376.554427
2020-01-14 14:00:00,8477.48,8513.32,8465.29,8509.54,2639.156577
2020-01-14 15:00:00,8509.53,8542.43,8492.26,8509.99,2243.879875
2020-01-14 16:00:00,8509.85,8535.91,8500.0,8511.79,1846.806965
2020-01-14 17:00:00,8511.87,8561.0,8482.0,8504.73,3272.331924
2020-01-14 18:00:00,8504.73,8530.0,8470.0,8518.12,3154.394321
2020-01-14 19:00:00,8518.13,8530.0,8504.6,8526.87,1866.956644
2020-01-14 20:00:00,8526.87,8625.37,8480.0,8499.99,7628.789194
2020-01-14 21:00:00,8498.81,8588.88,8498.73,8587.4,3843.790009
2020-01-14 22:00:00,8588.86,8740.0,8562.0,8690.0,10112.750221
2020-01-14 23:00:00,8689.99,8760.0,8633.0,8675.48,6384.809176
2020-01-15 00:00:00,8673.18,8696.17,8520.0,8677.05,10224.64019
2020-01-15 01:00:00,8677.22,8811.82,8638.88,8773.35,9123.536982
2020-01-15 02:00:00,8771.1,8850.0,8608.0,8769.35,9195.533952
2020-01-15 03:00:00,8769.07,8772.8,8687.01,8767.56,2633.796186
2020-01-15 04:00:00,8765.51,8766.93,8670.0,8688.19,2457.558858
2020-01-15 05:00:00,8688.18,8761.49,8666.22,8734.93,1811.478869
2020-01-15 06:00:00,8735.92,8789.79,8719.11,8735.87,1875.611412
2020-01-15 07:00:00,8736.0,8880.0,8722.0,8810.01,4718.132279
2020-01-15 08:00:00,8814.64,8900.0,8701.0,8772.86,8982.362583
2020-01-15 09:00:00,8774.15,8803.81,8712.0,8777.99,4161.66072
2020-01-15 10:00:00,8778.0,8835.0,8765.3,8813.83,1933.881737
2020-01-15 11:00:00,8813.99,8817.98,8727.0,8727.61,2552.52965
2020-01-15 12:00:00,8727.0,8741.75,8570.01,8597.51,6019.922886
2020-01-15 13:00:00,8597.41,8666.91,8564.0,8612.29,2395.26064
2020-01-15 14:00:00,8612.01,8693.72,8600.01,8680.58,1860.770664
2020-01-15 15:00:00,8680.82,8687.96,8618.63,8627.13,2118.645407
2020-01-15 16:00:00,8626.8,8675.11,8605.03,8638.36,1803.279596
2020-01-15 17:00:00,8638.6,8782.6,8638.24,8755.04,2993.305999
2020-01-15 18:00:00,8756.06,8808.55,8720.0,8798.94,3901.101763
2020-01-15 19:00:00,8799.81,8810.0,8720.0,8730.0,2817.249268
2020-01-15 20:00:00,8730.0,8796.0,8720.38,8764.66,2544.483935
2020-01-15 21:00:00,8765.2,8916.48,8763.83,8889.96,5287.832127
2020-01-15 22:00:00,8889.97,8903.02,8760.0,8856.17,6474.633404
2020-01-15 23:00:00,8855.69,8865.76,8740.01,8762.74,4480.569782
2020-01-16 00:00:00,8762.73,8820.0,8676.08,8778.68,4789.509828
2020-01-16 01:00:00,8779.43,8804.89,8720.0,8797.0,2802.948741
2020-01-16 02:00:00,8797.0,8798.19,8707.0,8746.85,2942.383049
2020-01-16 03:00:00,8746.85,8785.0,8742.02,8761.57,1178.614767
2020-01-16 04:00:00,8761.57,8842.1,8738.37,8814.21,3533.479699
2020-01-16 05:00:00,8815.21,8860.0,8765.0,8830.73,4711.869741
2020-01-16 06:00:00,8830.61,8869.32,8800.0,8860.01,2465.708487
2020-01-16 07:00:00,8861.91,8876.4,8790.76,8821.41,2064.293133
2020-01-16 08:00:00,8820.01,8859.81,8712.27,8761.02,3227.650513
2020-01-16 09:00:00,8760.67,8771.95,8613.32,8664.43,4368.51839
2020-01-16 10:00:00,8663.63,8697.79,8608.53,8650.0,2502.005309
2020-01-16 11:00:00,8650.0,8659.0,8586.0,8640.01,2685.284463
2020-01-16 12:00:00,8640.01,8730.0,8615.0,8651.77,1968.717487
2020-01-16 13:00:00,8651.55,8727.85,8649.01,8700.55,1607.766467
2020-01-16 14:00:00,8700.66,8727.24,8675.0,8721.22,1429.429826
2020-01-16 15:00:00,8721.37,8723.27,8654.69,8680.0,2136.581795
2020-01-16 16:00:00,8679.99,8715.0,8662.0,8675.44,2415.354251
2020-01-16 17:00:00,8675.99,8685.87,8606.0,8645.41,2224.931796
2020-01-16 18:00:00,8645.71,8662.76,8600.4,8658.0,2212.895888
2020-01-16 19:00:00,8658.32,8725.0,8628.03,8724.91,2928.171544
2020-01-16 20:00:00,8724.82,8789.0,8692.35,8720.0,3168.784806
2020-01-16 21:00:00,8720.0,8727.0,8660.0,8695.29,2299.756958
2020-01-16 22:00:00,8695.27,8702.52,8640.35,8686.18,1928.887312
2020-01-16 23:00:00,8686.57,8725.0,8668.33,8710.02,1493.606668
2020-01-17 00:00:00,8710.01,8720.82,8626.0,8660.19,2557.072437
2020-01-17 01:00:00,8660.19,8719.11,8651.14,8678.13,1805.17951
2020-01-17 02:00:00,8678.13,8704.0,8657.37,8684.19,1474.748288
2020-01-17 03:00:00,8684.0,8718.0,8675.0,8705.0,1232.068523
2020-01-17 04:00:00,8705.01,8750.0,8690.0,8744.0,1550.084023
2020-01-17 05:00:00,8742.94,8757.0,8672.0,8691.15,2129.935623
2020-01-17 06:00:00,8691.17,8743.21,8690.15,8720.38,1783.581937
2020-01-17 07:00:00,8720.34,8748.0,8712.39,8720.01,860.06047
2020-01-17 08:00:00,8720.15,8743.99,8672.44,8690.31,1988.852577
2020-01-17 09:00:00,8690.25,8738.8,8677.01,8738.51,1156.787342
2020-01-17 10:00:00,8738.8,8780.0,8718.16,8757.06,2083.041074
2020-01-17 11:00:00,8757.29,8840.4,8751.05,8786.43,3103.062255
2020-01-17 12:00:00,8786.43,8815.86,8760.0,8815.29,2088.680278
2020-01-17 13:00:00,8815.27,8896.89,8791.06,8891.25,4726.039349
2020-01-17 14:00:00,8891.25,8997.0,8835.75,8862.7,7987.080952
2020-01-17 15:00:00,8862.7,8950.36,8843.01,8933.95,2782.157035
2020-01-17 16:00:00,8935.54,8999.0,8899.26,8928.85,4796.9862
2020-01-17 17:00:00,8927.71,8986.27,8924.3,8969.0,2514.231703
2020-01-17 18:00:00,8969.36,9041.65,8880.5,8937.0,6163.066542
2020-01-17 19:00:00,8937.0,8962.28,8890.97,8903.45,2483.889697
2020-01-17 20:00:00,8903.53,8919.41,8765.0,8811.54,4987.553512
2020-01-17 21:00:00,8808.17,8865.07,8800.0,8850.99,2011.840217
2020-01-17 22:00:00,8851.0,8852.92,8769.42,8778.69,2562.24524
2020-01-17 23:00:00,8778.69,8867.29,8774.0,8850.83,2041.345434
2020-01-18 00:00:00,8851.39,8923.88,8837.97,8875.96,3259.996818
2020-01-18 01:00:00,8875.96,8919.42,8855.81,8890.97,2119.03298
2020-01-18 02:00:00,8890.04,8954.49,8882.59,8920.12,2285.881189
2020-01-18 03:00:00,8920.5,8955.55,8813.0,8879.71,3260.055013
2020-01-18 04:00:00,8879.63,8934.77,8861.66,8879.64,1950.817509
2020-01-18 05:00:00,8879.74,8934.89,8874.82,8922.34,946.973024
2020-01-18 06:00:00,8922.43,8959.0,8901.0,8939.59,1760.36577
2020-01-18 07:00:00,8938.99,8961.6,8905.49,8913.28,1837.755667
2020-01-18 08:00:00,8913.27,8987.9,8855.55,8978.96,2518.911083
2020-01-18 09:00:00,8979.23,8988.88,8900.0,8941.33,2102.746038
2020-01-18 10:00:00,8941.47,8947.63,8897.4,8921.21,1114.369929
2020-01-18 11:00:00,8921.17,8948.57,8899.0,8925.99,1074.988253
2020-01-18 12:00:00,8926.07,8926.95,8826.0,8843.82,2870.882522
2020-01-18 13:00:00,8842.79,8872.3,8815.0,8845.19,2324.577285
2020-01-18 14:00:00,8845.53,8876.48,8806.38,8864.72,1281.754597
2020-01-18 15:00:00,8863.7,8879.97,8838.0,8843.63,850.138168
2020-01-18 16:00:00,8843.63,8870.0,8818.0,8856.43,996.852767
2020-01-18 17:00:00,8856.43,8900.91,8850.0,8876.68,1561.410073
2020-01-18 18:00:00,8876.43,8919.0,8871.24,8887.09,1366.949165
2020-01-18 19:00:00,8887.18,8890.0,8857.0,8879.79,1216.887833
2020-01-18 20:00:00,8879.29,8922.27,8876.76,8909.18,1793.370567
2020-01-18 21:00:00,8910.0,8949.0,8892.77,8919.97,2437.336404
2020-01-18 22:00:00,8919.94,8964.0,8910.0,8922.59,2075.26826
2020-01-18 23:00:00,8922.61,8950.0,8869.98,8903.26,2690.286178
2020-01-19 00:00:00,8903.27,8935.17,8848.8,8883.26,2573.358549
2020-01-19 01:00:00,8882.74,8914.44,8872.15,8904.96,1190.551314
2020-01-19 02:00:00,8904.92,8909.96,8875.85,8886.79,1037.92196
2020-01-19 03:00:00,8886.79,8916.98,8875.0,8907.93,888.01952
2020-01-19 04:00:00,8907.79,8920.0,8889.0,8907.58,927.968541
2020-01-19 05:00:00,8907.58,8929.31,8899.0,8920.27,745.413027
2020-01-19 06:00:00,8920.29,8955.0,8918.01,8954.26,1174.038567
2020-01-19 07:00:00,8954.25,8960.0,8912.27,8915.96,1480.745945
2020-01-19 08:00:00,8915.09,8979.59,8888.02,8972.78,2285.07957
2020-01-19 09:00:00,8974.49,9174.78,8972.98,9146.02,8105.923197
2020-01-19 10:00:00,9146.91,9180.22,9123.63,9156.54,2794.16311
2020-01-19 11:00:00,9156.61,9198.98,9143.01,9157.61,2005.257111
2020-01-19 12:00:00,9157.74,9165.0,9122.77,9149.0,1422.380004
2020-01-19 13:00:00,9148.99,9156.79,9112.0,9131.14,1421.984272
2020-01-19 14:00:00,9129.98,9147.56,9050.0,9073.12,2264.534614
2020-01-19 15:00:00,9074.72,9091.59,9041.0,9084.36,2029.55454
2020-01-19 16:00:00,9083.8,9115.24,9070.54,9103.17,1470.291558
2020-01-19 17:00:00,9103.16,9127.36,9052.0,9061.03,1429.937995
2020-01-19 18:00:00,9060.02,9079.44,9031.52,9038.69,1476.860239
2020-01-19 19:00:00,9038.69,9038.91,8524.2,8681.44,15949.582503
2020-01-19 20:00:00,8681.16,8684.76,8562.0,8628.02,4429.203641
2020-01-19 21:00:00,8628.0,8642.0,8559.02,8629.0,2550.259669
2020-01-19 22:00:00,8630.0,8657.61,8610.0,8617.1,1966.366754
2020-01-19 23:00:00,8617.1,8648.0,8593.18,8631.95,1685.747354
2020-01-20 00:00:00,8630.98,8676.05,8610.0,8644.84,1813.503406
2020-01-20 01:00:00,8644.91,8666.6,8618.88,8658.74,1223.767871
2020-01-20 02:00:00,8658.62,8661.68,8626.36,8650.82,944.08968
2020-01-20 03:00:00,8650.78,8656.03,8626.0,8645.57,791.788703
2020-01-20 04:00:00,8646.67,8657.96,8632.82,8647.63,982.470811
2020-01-20 05:00:00,8646.67,8758.84,8641.99,8722.13,3289.340922
2020-01-20 06:00:00,8722.15,8752.0,8466.0,8643.47,6540.811074
2020-01-20 07:00:00,8643.44,8723.45,8620.0,8701.7,1803.990661
2020-01-20 08:00:00,8701.72,8735.84,8640.49,8665.21,2544.193079
2020-01-20 09:00:00,8664.66,8696.19,8635.97,8650.49,1119.434856
2020-01-20 10:00:00,8650.79,8674.81,8627.94,8658.23,1273.651441
2020-01-20 11:00:00,8658.82,8670.0,8638.23,8667.56,788.354348
2020-01-20 12:00:00,8667.64,8689.93,8632.76,8641.42,1107.651055
2020-01-20 13:00:00,8641.28,8685.0,8640.46,8674.21,919.331786
2020-01-20 14:00:00,8675.2,8686.0,8662.06,8684.07,785.439852
2020-01-20 15:00:00,8682.21,8694.0,8650.0,8665.14,1518.706542
2020-01-20 16:00:00,8665.24,8682.92,8595.0,8640.8,2000.359559
2020-01-20 17:00:00,8642.04,8673.0,8641.11,8660.9,1238.626801
2020-01-20 18:00:00,8660.9,8670.79,8634.43,8653.65,1557.856812
2020-01-20 19:00:00,8651.73,8663.17,8603.97,8615.25,1831.364829
2020-01-20 20:00:00,8615.71,8640.0,8545.0,8583.09,3147.179381
2020-01-20 21:00:00,8583.24,8643.98,8521.28,8606.61,3596.809313
2020-01-20 22:00:00,8606.61,8670.0,8588.13,8660.56,2737.519317
2020-01-20 23:00:00,8661.16,8678.55,8638.3,8675.38,1702.688034
2020-01-21 00:00:00,8675.45,8709.31,8652.39,8668.51,2147.070111
2020-01-21 01:00:00,8668.3,8677.93,8641.71,8641.8,973.536421
2020-01-21 02:00:00,8641.79,8686.04,8640.15,8664.84,1084.332528
2020-01-21 03:00:00,8664.86,8682.15,8660.0,8673.67,829.38887
2020-01-21 04:00:00,8673.51,8678.6,8660.0,8676.07,618.57931
2020-01-21 05:00:00,8676.08,8694.0,8664.16,8692.76,761.764879
2020-01-21 06:00:00,8692.44,8746.99,8645.0,8654.85,2442.593327
2020-01-21 07:00:00,8654.83,8683.24,8616.0,8642.35,2170.207295
2020-01-21 08:00:00,8642.35,8664.86,8618.0,8644.52,1420.167451
2020-01-21 09:00:00,8644.53,8666.3,8636.81,8656.19,619.800287
2020-01-21 10:00:00,8656.31,8678.0,8648.0,8665.66,732.052024
2020-01-21 11:00:00,8665.75,8683.0,8658.14,8674.1,713.205107
2020-01-21 12:00:00,8674.09,8699.84,8669.72,8670.83,840.114339
2020-01-21 13:00:00,8671.02,8680.56,8643.58,8660.09,819.076237
2020-01-21 14:00:00,8660.37,8669.48,8632.05,8649.34,995.181216
2020-01-21 15:00:00,8649.97,8657.51,8623.64,8634.7,1069.380106
2020-01-21 16:00:00,8634.16,8670.0,8613.8,8658.59,1525.363374
2020-01-21 17:00:00,8658.59,8666.78,8625.76,8630.21,1093.261576
2020-01-21 18:00:00,8630.08,8670.0,8602.8,8659.23,1754.110648
2020-01-21 19:00:00,8659.38,8677.12,8641.18,8656.76,1346.385777
2020-01-21 20:00:00,8656.76,8666.66,8634.62,8661.04,1014.54979
2020-01-21 21:00:00,8661.39,8668.01,8644.41,8662.35,896.293318
2020-01-21 22:00:00,8662.35,8663.42,8648.93,8654.86,1135.309134
2020-01-21 23:00:00,8653.27,8676.95,8641.0,8645.06,1449.020523
2020-01-22 00:00:00,8645.1,8663.47,8621.52,8644.48,1554.717863
2020-01-22 01:00:00,8644.1,8653.5,8626.48,8648.5,965.813915
2020-01-22 02:00:00,8648.82,8650.0,8620.0,8634.05,825.212469
2020-01-22 03:00:00,8634.05,8644.02,8488.0,8531.86,3836.325883
